Name,Discharge,Velocity,Shear Velocity,pH,Dissolved Solids,Vegetation,Temperature,Stream Slope,Stream Width,Channel Depth,Channel Cross Sectional Area,Bed Material,Manning's n,Drainage Area,Injection Latitude,Injection Longitude,Sampling Location,Stream Order,Sampling Order,Tracer Type,Mass Exchange Coefficient,Mass of Tracer Injection,Tracer Concentration,Background Concentration,Duration of Injection,Injection Date,Injection Note,Monitoring Method,"('Breakthrough curve', '')","('first order, semi-infinite-conc', 'v')","('', 'D')","('', 'beta*k_f')","('', 'k_r')","('first order, semi-infinite-mixed', 'v')","('', 'D')","('', 'beta*k_f')","('', 'k_r')","('first order, infinite', 'v')","('', 'D')","('', 'beta*k_f')","('', 'k_r')","('power law, semi-infinite-conc', 'v')","('', 'D')","('', 'beta*alpha')","('', 'gamma')","('power law, semi-infinite-mixed', 'v')","('', 'D')","('', 'beta*alpha')","('', 'gamma')","('power law, infinite', 'v')","('', 'D')","('', 'beta*alpha')","('', 'gamma')"
Narew River,2.666993918,0.353568,,,,"~90% rich wetland ecosystems, marshes and peatlands",,0.21,9.38784,0.8260080000000001,,"Postglacial mineral soils, sand dunes. Mud soils",,,,,3.3007563400000004,,,Rhodamine WT,,24,,,,6/28/2006,"~90% rich wetland ecosystems, marshes and peatlands",in situ electronic Turner Designs SCUFA  fluorometer ,NAR 6-28-06 S1,1.0794747447900057,0.0039065884407613926,0.7893699164853212,6.778632464527664,1.0339023979892175,0.006901904208681071,0.2834396037438588,3.6436922043060145,1.0344721464637339,0.006638042084307641,0.26992987534621776,3.4010240046264544,1.082129148730273,0.00822951211494662,0.12680601277754872,0.7652768093841835,1.0609535163975308,0.00843188992161532,0.10351760450794718,0.7076703475954527,1.0625218375480148,0.008295573789300445,0.10363652102882485,0.6994103694320672
Narew River,4.655006478,0.359664,,,,"~90% rich wetland ecosystems, marshes and peatlands",,0.23,17.40408,0.743712,,"Postglacial mineral soils, sand dunes. Mud soils",,,,,65.89925432,,,Rhodamine WT,,24,,,,6/28/2006,"~90% rich wetland ecosystems, marshes and peatlands",in situ electronic Turner Designs SCUFA  fluorometer ,NAR 6-28-06 S10,1.2386623412468702,0.040090838680403994,0.008200364422135032,0.04943171370444421,1.2390090096077253,0.040682892819131955,0.007982524646512196,0.05193823171942839,1.2404964266432683,0.041118543498478134,0.008729323517795678,0.058236311744365804,1.269317088295744,0.024069968588829926,0.027166055223447266,0.5079599593421527,1.2735127725867958,0.024116317559714353,0.02979432133040955,0.5398664691752074,1.2724689973887184,0.024964793458879194,0.028955822375275938,0.5360915566828399
Narew River,5.049998177,0.31699200000000005,,,,"~90% rich wetland ecosystems, marshes and peatlands",,0.22,17.00784,0.935736,,"Postglacial mineral soils, sand dunes. Mud soils",,,,,73.40038806,,,Rhodamine WT,,24,,,,6/28/2006,"~90% rich wetland ecosystems, marshes and peatlands",in situ electronic Turner Designs SCUFA  fluorometer ,NAR 6-28-06 S11,1.2222250764347875,0.042170565553966206,0.00843618606589507,0.06755691566368194,1.2205751847909,0.04572510080520448,0.007182705296683207,0.05036187555758501,1.2224782090511812,0.0443054434615018,0.008080554686799125,0.06197405825674675,1.2555061083543224,0.02254954305305279,0.03003050842135164,0.5240092600461537,1.2588843223748774,0.023329412178746393,0.03199567423889071,0.5569042128225936,1.2591598423517774,0.02344539788153704,0.031990732534703595,0.5503996302587622
Narew River,5.13528852,0.28956,,,,"~90% rich wetland ecosystems, marshes and peatlands",,0.19,19.90344,0.8930640000000001,,"Postglacial mineral soils, sand dunes. Mud soils",,,,,82.60903154,,,Rhodamine WT,,24,,,,6/28/2006,"~90% rich wetland ecosystems, marshes and peatlands",in situ electronic Turner Designs SCUFA  fluorometer ,NAR 6-28-06 S12,1.2076914619569505,0.0465095920624627,0.006853953237730118,0.04430010103191738,1.2094321944745012,0.044853744759836646,0.007544452076309459,0.05045141389887662,1.2088966550611697,0.04637768801595064,0.006643304779354847,0.05165255141988679,1.2437922501052887,0.025607118013888767,0.029323696550678232,0.5406607613177898,1.2449127726474651,0.026077136954436333,0.029786421202967577,0.5536549091014342,1.2428663436768415,0.02558549392832899,0.02829085874585494,0.5374059427116322
Narew River,5.8229914665389995,0.301752,,,,"~90% rich wetland ecosystems, marshes and peatlands",,0.19,18.01368,1.069848,,"Postglacial mineral soils, sand dunes. Mud soils",,,,,90.20028832,,,Rhodamine WT,,24,,,,6/28/2006,"~90% rich wetland ecosystems, marshes and peatlands",in situ electronic Turner Designs SCUFA  fluorometer ,NAR 6-28-06 S13,1.2049779218766532,0.05516578862718691,0.007528997280891207,0.057551710400232665,1.204804016210122,0.056879299881092714,0.007331195496977199,0.05452092659866123,1.2048791960368208,0.057192933840643376,0.007048195724999073,0.05189977801676635,1.2466611724002767,0.026953064449692383,0.03488626318227237,0.582048681309133,1.2439332811988033,0.036542050471647686,0.031988328682413414,0.5631800450142663,1.2396420539832078,0.04100037297432581,0.028875369108206886,0.5380210069461782
Narew River,2.73900366,0.377952,,,,"~90% rich wetland ecosystems, marshes and peatlands",,0.25,9.69264,0.7467600000000001,,"Postglacial mineral soils, sand dunes. Mud soils",,,,,9.21025282,,,Rhodamine WT,,24,,,,6/28/2006,"~90% rich wetland ecosystems, marshes and peatlands",in situ electronic Turner Designs SCUFA  fluorometer ,NAR 6-28-06 S2,1.1907668267814386,0.0148238136968029,0.0753401903627243,1.6159648375503632,1.1936460209333997,0.014733347276050163,0.07948183247038935,1.7546260398017397,1.1939726034813776,0.014933555370927463,0.07534456705014216,1.6758204082075605,1.2444744172897797,0.015597861739875681,0.07866672259700884,0.7880564233031284,1.2127150563398497,0.016351612772715948,0.05043711561769733,0.67957569594147,1.2418649179266954,0.01514365187194081,0.07344090405454812,0.7731291826192147
Narew River,3.6280110713340004,0.39624000000000004,,,,"~90% rich wetland ecosystems, marshes and peatlands",,0.31,11.61288,0.789432,,"Postglacial mineral soils, sand dunes. Mud soils",,,,,15.71037708,,,Rhodamine WT,,24,,,,6/28/2006,"~90% rich wetland ecosystems, marshes and peatlands",in situ electronic Turner Designs SCUFA  fluorometer ,NAR 6-28-06 S3,1.2690399096263678,0.020542190168738553,0.0356738943829889,0.916565631420783,1.264946036945439,0.022140090440071262,0.025038562529665083,0.5647432127388324,1.2649724824643276,0.02309444561277627,0.022021278761633938,0.5050974033812871,1.2875066531374648,0.019339051718230187,0.03820171151148303,0.5787472485477869,1.2939142410060662,0.019491926020628086,0.041643967522142035,0.6239143335766932,1.2960228388765502,0.0180535451006627,0.04162299649494915,0.6390235901468282
Narew River,3.988994237,0.371856,,,,"~90% rich wetland ecosystems, marshes and peatlands",,0.28,12.8016,0.8351520000000001,,"Postglacial mineral soils, sand dunes. Mud soils",,,,,26.59917152,,,Rhodamine WT,,24,,,,6/28/2006,"~90% rich wetland ecosystems, marshes and peatlands",in situ electronic Turner Designs SCUFA  fluorometer ,NAR 6-28-06 S4,1.2258585032956224,0.02241609018373896,0.020777151417829803,0.571284043884969,1.2234164941760919,0.024986538228362724,0.0158422793023521,0.44272369265272793,1.2289002552023343,0.022045937571125683,0.022799565754094548,0.65594813566208,1.2702616774441065,0.021484128987339268,0.04896467220758047,0.7824908035496214,1.2690469524135377,0.01916147890906971,0.04801234361152311,0.7504599791177137,1.2654112416533674,0.021196478551301343,0.04402255562462441,0.7578287153699432
Narew River,4.035009113,0.353568,,,,"~90% rich wetland ecosystems, marshes and peatlands",,0.24,15.20952,0.749808,,"Postglacial mineral soils, sand dunes. Mud soils",,,,,31.20993062,,,Rhodamine WT,,24,,,,6/28/2006,"~90% rich wetland ecosystems, marshes and peatlands",in situ electronic Turner Designs SCUFA  fluorometer ,NAR 6-28-06 S5,1.2326103029015583,0.030268760976991715,0.01110699596104661,0.15163546021963845,1.233903525558582,0.030190423063140157,0.011302721050833409,0.16711719721146015,1.2374536056831729,0.029508950215690492,0.013031008428652369,0.32799443948157686,1.271557204451749,0.0199191526537978,0.038572466175336384,0.6655846717140685,1.2492941294400854,0.025781729700664766,0.021770374155859477,0.48148983977227844,1.261087945464843,0.023642406582006417,0.029852586955096405,0.588011404115196
Narew River,4.109001034,0.368808,,,,"~90% rich wetland ecosystems, marshes and peatlands",,0.24,13.19784,0.8321040000000001,,"Postglacial mineral soils, sand dunes. Mud soils",,,,,37.589354379999996,,,Rhodamine WT,,24,,,,6/28/2006,"~90% rich wetland ecosystems, marshes and peatlands",in situ electronic Turner Designs SCUFA  fluorometer ,NAR 6-28-06 S6,1.2316245960611079,0.028525131143139926,0.017157250348848914,0.5310379457050516,1.230641265886087,0.029949212131925425,0.015181173835965005,0.46480637472828124,1.2330383039233217,0.028766785700197323,0.017165486688345884,0.5233042539091483,1.2752757007705635,0.02487315269499611,0.04664494161745363,0.7695522973739274,1.272989589239855,0.02396903569373613,0.04460761966630587,0.7495153548232311,1.2679366811347184,0.02469477373256918,0.04014101254617906,0.7307818299632333
Narew River,4.414001794,0.353568,,,,"~90% rich wetland ecosystems, marshes and peatlands",,0.24,11.39952,1.0911840000000002,,"Postglacial mineral soils, sand dunes. Mud soils",,,,,43.89957652,,,Rhodamine WT,,24,,,,6/28/2006,"~90% rich wetland ecosystems, marshes and peatlands",in situ electronic Turner Designs SCUFA  fluorometer ,NAR 6-28-06 S7,1.2058193572350324,0.02997414152947534,0.010466949588919977,0.07708405931952758,1.2079190318496116,0.02902914864968824,0.011141147767752749,0.13141293946129967,1.2075377177110198,0.029636422485746716,0.009867188207194948,0.11024062931552812,1.214061828174374,0.028902448244768605,0.015109156034834413,0.34829477170082257,1.2248345054990941,0.022479329715253488,0.02307448110882713,0.4585972248814303,1.2248731542980018,0.02154634164819053,0.022639441156169466,0.45174826433950777
Narew River,4.354989484364999,0.280416,,,,"~90% rich wetland ecosystems, marshes and peatlands",,0.29,17.70888,0.877824,,"Postglacial mineral soils, sand dunes. Mud soils",,,,,40.899766760000006,,,Rhodamine WT,,24,,,,6/28/2006,"~90% rich wetland ecosystems, marshes and peatlands",in situ electronic Turner Designs SCUFA  fluorometer ,NAR 6-28-06 S8,1.00146861227749,0.022111168998299416,0.01057946312819447,0.10841497072421502,1.001713201662579,0.022018288316933886,0.009693696514851243,0.09931483217923563,1.0001127841164275,0.02344677178788094,0.009535597596288733,0.09059031697317695,1.0141317020483682,0.018446522727467326,0.01963338651730857,0.37762300636538515,1.0066767105228103,0.02180967914036709,0.016204023618310862,0.33633535401526815,1.0099215563316306,0.020074980276609516,0.01642377284946284,0.33356632493459226
Narew River,4.66998609,0.292608,,,,"~90% rich wetland ecosystems, marshes and peatlands",,0.22,16.88592,0.9113520000000002,,"Postglacial mineral soils, sand dunes. Mud soils",,,,,57.690010980000004,,,Rhodamine WT,,24,,,,6/28/2006,"~90% rich wetland ecosystems, marshes and peatlands",in situ electronic Turner Designs SCUFA  fluorometer ,NAR 6-28-06 S9,1.249592313151732,0.033596949043779155,0.010001685756140938,0.0776502814350486,1.247390258504526,0.03674617961207218,0.008938445845825925,0.07381539902242566,1.2474236215837162,0.03733443957408623,0.008672294415137134,0.07313083684838866,1.2851897448682852,0.021962658365093316,0.0346904014294442,0.5688268720955103,1.292331472921203,0.02095294507729958,0.039361959915027694,0.6107022922988853,1.303234254719453,0.01827599739153843,0.04680072224744172,0.6572821485912723
Red River,187.4575271,,,,,,,0.112,,,,,,,,,8.0467,,,Rhodamine WT,,,,,,3/13/1972,,,RED 3-13-72 S1,1.7037693485167056,0.01383833347304435,0.38470406611802377,1.9814296684721333,1.7051879676287767,0.014250177216226087,0.3832571311782639,1.9726168048189294,1.7187272664563489,0.011211103935162399,0.42789680501006633,2.128089401425946,1.8428514229331117,0.037263390944289675,0.23697321745647779,0.7419572119550986,1.8428514229331117,0.029472687422677935,0.2378163344514485,0.7174876031527753,1.7927319121196867,0.03685392517134345,0.20008702385135171,0.6954925761645476
Red River,187.4575271,,,,,,,0.151,,,,,,,,,54.71756,,,Rhodamine WT,,,,,,3/13/1972,,,RED 3-13-72 S2,1.6625999500592694,0.10622294749521033,0.03646285797050603,0.5973987800130668,1.6485381687913057,0.12000096304482231,0.02487101174091914,0.4678281005825977,1.6632454857907388,0.10845502466673167,0.03383613643429357,0.5654942697824326,1.7084574028108621,0.1484679657699076,0.05879952754983519,0.8003855439406051,1.6887822180268235,0.14884849784315354,0.0458654797277663,0.7598155486702363,1.6910564879369008,0.1483874260947797,0.04560144004993613,0.7578007122354565
Red River,235.0298301,,,,,,,0.129,,,,,,,,,102.99776,,,Rhodamine WT,,,,,,3/13/1972,,,RED 3-13-72 S3,2.0877724535836926,0.014099721620688946,0.1507938971263671,1.1651532585135174,2.0800721713591903,0.0195037881134771,0.142054878808918,1.132404281663557,2.079074654469676,0.04527677446462446,0.15011849203072491,1.2231579431963646,1.9105267807195794,0.2485422936693744,0.018463614371174712,0.7459754749750123,1.907317292152575,0.2620163126464599,0.016160167960496775,0.7442170856546821,1.9285252445277559,0.24860181729605976,0.02508094905746861,0.7919659042867737
Red River,251.7367698,0.451104,0.0573024,,,,,0.092,152.4,3.6576000000000004,557.4182400000001,,,,,,159.32466,,,Rhodamine WT,,,,,,3/13/1972,,,RED 3-13-72 S4,1.8857857240138647,0.17683851599986247,0.011277947808229102,0.30969117576195604,1.8818639370742762,0.19690786081089767,0.009630582958093482,0.29323800542530737,1.89166308661884,0.17439485463857132,0.012713859119043743,0.33742759517808874,1.922464368455052,0.22521431316143234,0.03195422068881314,0.7932362802907692,1.9222559505331573,0.22351136795176782,0.03106336223145029,0.78678601671096,1.9417834171727006,0.21546779612180192,0.03931246676984596,0.8025583468894589
Red River,139.6020557,0.512064,0.0377952,,,,,0.112,209.3976,1.31064,274.4448705,,,,,,8.0467,,,Rhodamine WT,,,,,,4/14/1971,,,RED 4-14-71 S1,2.477973561905515,0.007177850670245633,0.5626901032621487,2.0086473236791544,2.4747516206660567,0.005115017747584119,0.5264466850908616,1.920173085523773,2.648825991565498,0.001947283982945423,0.6622819372784424,2.092126534806898,2.585114148457044,0.062336365948101706,0.26790430282214583,0.6176522983096333,2.5941600000000005,0.023984798592170325,0.26653264420087136,0.5701643717080938,2.6301900000000002,0.04421800233992168,0.293395200319527,0.5993982631517198
Red River,139.6020557,,,,,,,0.151,,,,,,,,,54.71756,,,Rhodamine WT,,,,,,4/14/1971,,,RED 4-14-71 S2,1.7802219843237022,0.10505807318715978,0.07235557782160731,0.7515111921838769,1.7624796249231192,0.112667808147008,0.0556427465336536,0.6196331784755419,1.7459612169003202,0.14549053604808504,0.04153566891505246,0.5612541660578222,1.8030446244871516,0.20175843293970835,0.0734284314108306,0.8025383767324642,1.7947737775858343,0.20197144320037497,0.0667686444668616,0.7882893240691109,1.769961236881883,0.2155049421082079,0.05147534142441976,0.7605613805749344
Red River,170.7505874,,,,,,,0.129,,,,,,,,,102.99776,,,Rhodamine WT,,,,,,4/14/1971,,,RED 4-14-71 S3,2.0059104770011675,0.1565222650399612,0.014527051021536152,0.26876517171090386,2.005350298160523,0.16556477580608492,0.013690040117011788,0.2603202030170115,2.0053389113446003,0.16764308931520772,0.013075071491007574,0.24653821957461353,2.109473163087235,0.16317925853773552,0.060837178997134825,0.784290814393074,2.109473163087235,0.17440542076689225,0.060358147928287434,0.7907099326570418,2.0691581646289716,0.16303569407616555,0.03993905833795697,0.6936991015045965
Red River,184.9090109,0.286512,0.059740800000000004,,,,,0.092,161.544,3.9624,640.1019456,,,,,,159.32466,,,Rhodamine WT,,,,,,4/14/1971,,,RED 4-14-71 S4,2.0033638700138128,0.031433096483784125,0.1156985864219301,1.0279062517997242,1.957607481114932,0.08607119601038496,0.08506758540648002,0.9937305910949227,2.0116155002489293,0.02262615052585675,0.12155586712344117,1.0382137753330174,1.869297981627687,0.2621623703574379,0.026230201670083088,0.8654869292620233,1.8679652750211355,0.2554416978289067,0.02408665983567758,0.838868712947151,1.8610535890862547,0.2642257000439477,0.02005070778461996,0.8290953695755747
Red River,230.21596610999998,0.310896,0.0658368,,,,,0.092,156.6672,4.815840000000001,754.4841684480001,,,,,,5.7453438,,,Rhodamine WT,,,,,,4/7/1971,,,RED 4-7-71 S1,2.3790458795107345,0.0024019144507233404,1.075581257350965,4.6137508920454735,2.380405783079418,0.0030737617843836227,1.0820347930527112,4.674330403076793,2.3758461878873947,0.00627477641043196,1.0605095453113165,4.699337818625221,2.3985661296239997,0.05171794358993863,0.23495125542242945,0.7352724413272873,2.3985661296239997,0.052311888396007804,0.23040024600507789,0.7311848142468315,2.3985661296239997,0.054597985555975254,0.22407629258178252,0.7323739307939365
Red River,245.223895,,,,,,,0.089,,,,,,,,,75.63898,,,Rhodamine WT,,,,,,4/7/1971,,,RED 4-7-71 S2,2.29624553595806,0.17188087576241323,0.025201024172590108,0.6925769565876261,2.3060321142641507,0.1633343663693805,0.030272426131780873,0.7542195014414028,2.3427053761522503,0.13114722980463805,0.05801570395712369,1.055124739212793,2.3492713289002634,0.20275794170899863,0.041889891749759864,0.8083493014734119,2.341084318366139,0.2123841408256256,0.03743894419667901,0.8039308585054135,2.3742677722105263,0.20024410892207492,0.050257937244301054,0.8272219948266777
Red River,249.4714221,,,,,,,0.072,,,,,,,,,132.77055,,,Rhodamine WT,,,,,,4/7/1971,,,RED 4-7-71 S3,2.2569461814573604,0.1852116454041218,0.020390099981924082,0.5500509596248194,2.2372730194662878,0.2182070120903137,0.01099003635572981,0.3696921920755339,2.2384874924881917,0.2181450326219372,0.010784600225344096,0.35189785190360046,2.2858955269665167,0.2397113106316168,0.03189796019984026,0.7911890509994203,2.2878511585790737,0.23528892793795128,0.03182690018616141,0.7830759417416548,2.2754955911698853,0.24491788935645095,0.02615112358569596,0.7636348799340776
Red River,249.4714221,0.6096,0.0323088,,,,,0.066,253.5936,1.61544,409.66524518399996,,,,,,193.1208,,,Rhodamine WT,,,,,,4/7/1971,,,RED 4-7-71 S4,2.115314292454479,0.21534243394660027,0.0134805482644992,0.43548039678496797,2.120651668652215,0.1997247942290428,0.014922852109933436,0.44694586962124394,2.1787928114699735,0.12352556373485389,0.0426541754211172,0.7002394066589142,2.156423164539082,0.28992395395972376,0.035361119545586316,0.863731752585148,2.1568753697396352,0.2915189342545835,0.034855621198115694,0.8609290565807439,2.1475403379029028,0.28228126798981656,0.02972504194402687,0.8400373499106143
Red River,107.6040186,0.332232,0.047244,,,,,0.092,132.588,2.46888,327.3438614,,,,,,12.07005,,,Rhodamine WT,,,,,,6/12/1972,,,RED 6-12-72 S1,1.7463921615639175,0.014856983212786777,0.19854786375535835,1.6401482247319517,1.75001912464562,0.01425809999221449,0.20573554645638814,1.70524580565268,1.7497328885933912,0.014686165484425709,0.20113778782534203,1.670390422729384,2.053115505,0.008688095050977191,0.27362113940765653,0.8103889136545042,2.053115505,0.008982381553308202,0.272871882754187,0.8106732554317546,1.9770741899999993,0.010204640983743771,0.2263738538011383,0.7783122875445986
Red River,113.267388,,,,,,,,,,,,,,,,82.07634,,,Rhodamine WT,,,,,,6/12/1972,,,RED 6-12-72 S2,1.852046617315759,0.14042949319282363,0.016083202263464148,0.495325916751613,1.8564975083147461,0.1358149559117122,0.017641200500044776,0.5163028659543611,1.8679774080119742,0.12509595739022628,0.023543724005709542,0.5943533204517912,1.8855600876764653,0.16780250617156214,0.032102383924437754,0.8000418800218034,1.8999093999085046,0.1565239507567247,0.03805480799696155,0.8029483733912257,1.8646366614417338,0.17179121455520813,0.019452207406176307,0.7107094904128172
Red River,135.92086559999998,,,,,,,0.072,,,,,,,,,139.20791,,,Rhodamine WT,,,,,,6/12/1972,,,RED 6-12-72 S3,1.8108665333300393,0.059490391137035394,0.03911991869382436,0.6715632039751277,1.8117938858381504,0.058116765697220664,0.039523071488222206,0.6756280946247312,1.8046125808437472,0.06699050570881726,0.034602384387045854,0.643094990623705,1.802486702160799,0.16337741873522438,0.03501790703929436,0.8341344515912628,1.8015756602406694,0.16523015153166873,0.03439818464828682,0.8350763334414364,1.7987613659065287,0.17167099161037128,0.032198329979340155,0.8366301686996037
Red River,166.5030604,0.612648,0.025603200000000003,,,,,0.066,268.224,1.00584,269.79042816000003,,,,,,199.55816,,,Rhodamine WT,,,,,,6/12/1972,,,RED 6-12-72 S4,1.6247294999716906,0.15760774919420228,0.0013482650490863985,0.010085137409907026,1.6253451560006489,0.15915290770212795,0.0012018153372597856,0.008934127240484094,1.6276441057815643,0.15202885115544135,0.0014912344942989422,0.027696429441496875,1.6272420349200059,0.16379160330578862,0.0020320070033038235,0.22716024274803104,1.628587609283191,0.1595647497840153,0.0021624665882338545,0.24308464440319033,1.6400255532233863,0.13348123092797268,0.0060630997889210775,0.5070706708734454
Sabine River,311.485317,0.9814560000000001,0.0627888,,,,,0.179,152.4,2.25552,343.74124800000004,,,,,,17.219938,,,Rhodamine WT,,,,,,2/4/1972,,,SAB 2-4-72 S1,3.4511172214085732,0.011991822080883199,0.947603302858105,5.768981061553459,3.2138701861315555,0.07631253008557812,0.30460988363495706,3.5566331683641907,3.3005169723749415,0.05126124038295732,0.5067994436701879,4.490677091191538,3.1893165188149197,0.1292683991164767,0.07024604017986126,0.7376205516923524,3.219138328962924,0.13984503569975384,0.07537369417404309,0.7849891831652877,3.180101252724183,0.13824571024104743,0.06074549574997609,0.7267163515181402
Sabine River,359.6239569,1.014984,0.057912000000000005,,,,,0.149,154.8384,2.286,353.9605824,,,,,,79.82326400000001,,,Rhodamine WT,,,,,,2/4/1972,,,SAB 2-4-72 S2,3.031447562815514,0.07155491621815716,0.05960173434157934,1.3975138213595706,3.059715663272473,0.04975080855477882,0.08888002370750109,1.749700291986182,3.033011774960337,0.07654290882140331,0.06011830088623282,1.4391513554475281,3.1251605612841997,0.10612196660327214,0.060216768697853036,0.8313228689061141,3.1345875778920007,0.10397182194235369,0.06285853497524733,0.8369831336209814,3.1169744243899764,0.1093432166749052,0.05646389761490698,0.8277444209797368
Sabine River,399.2675427,1.0668,0.0569976,,,,,0.143,161.544,2.31648,374.2134451,,,,,,135.345494,,,Rhodamine WT,,,,,,2/4/1972,,,SAB 2-4-72 S3,2.9056715705504357,0.11063428981176834,0.03797386253379921,0.955933130965098,2.931021280552122,0.08014112011936063,0.0544969354211385,1.1271231753959483,2.912126781991277,0.09881842843956741,0.04083731988005072,0.9809961927300725,2.9449194388750772,0.1881214722266404,0.038918171112008036,0.8256125044200899,2.957899818548978,0.18249129886613355,0.042725517107823574,0.83243346840106,2.9602930853711946,0.18095881635644526,0.042967535470514726,0.8257915490500063
Sabine River,419.08933559999997,1.085088,0.0478536,,,,,0.099,164.592,2.34696,386.29084032000003,,,,,,165.44015199999998,,,Rhodamine WT,,,,,,2/4/1972,,,SAB 2-4-72 S4,2.781125077742489,0.20601120906891182,0.018770418829760483,0.15883037027735605,2.783517383409954,0.20253546676519993,0.01916127970272168,0.1574604344622452,2.7826370380131085,0.2048950111998459,0.018612115398654806,0.15599103100292724,3.842423945177495,0.05689467651613988,0.37768597254634195,0.8953663146858799,3.855953606956289,0.06468331464010262,0.38245981961742403,0.8967593373143967,3.9777205629654353,0.13117930369215666,0.4262656490379583,0.9073896171115317
Sabine River,433.2477591,,,,,,,,,,,,,,,,209.69700200000003,,,Rhodamine WT,,,,,,2/4/1972,,,SAB 2-4-72 S5 !,2.7442457261813393,0.19524601847299247,0.04589579891861545,0.09840455430631052,2.735586877447046,0.24150630532532633,0.04477073583289401,0.09677316783820644,2.7447990150611936,0.19396965002540761,0.04574757635354845,0.09804047763726423,2.232898326235242,8.738086309046086,0.06302434908667685,0.7454934184375331,2.244408111422022,10.05963401903184,0.06815452755408372,0.8079145556491566,2.232898326235242,9.362052671349893,0.0387767381054469,0.7010361256532072
Sabine River,0.736238022,0.222504,0.034137600000000004,,,,,0.262,5.88264,0.454152,2.6716127212800003,,,,,,21.5490626,,,Rhodamine WT,,,0.2,,,4/16/1972,,,SAB 4-16-72 SA1,0.3584374212138949,0.004458554538117086,0.024898895930881515,0.5705801575826566,0.3609544720201532,0.0037383746670655187,0.032616022545981845,0.6565302902790979,0.3596226844091569,0.0041447564608708826,0.027628981423544342,0.6091180102874326,0.357202140781462,0.006695508709362011,0.021799523329124916,0.7254110459753629,0.36296432626753766,0.006391457964170981,0.036040250938159664,0.8121755724064484,0.3606695387101745,0.006373305586596314,0.029020914726645093,0.7679400227822135
Sabine River,1.330891809,0.079248,0.0445008,,,,,0.252,21.640800000000002,0.795528,17.21586234,,,,,,54.23475800000001,,,Rhodamine WT,,,0.2,,,4/16/1972,,,SAB 4-16-72 SA2,0.34042538731692906,0.0032677733615989867,0.004420234830306105,0.1623336963577882,0.3397360529858264,0.0036726342409509217,0.003447633108168634,0.11901750036127541,0.33980536711689857,0.003573400940732554,0.0034312726756894254,0.12070393750854344,0.3488485846691056,0.002549008432708773,0.025602191123027966,0.7545548485959364,0.3495050373303581,0.0025373889374206396,0.027236364421614624,0.7666217217658026,0.3475411848007455,0.0026030478963404114,0.021854264515472507,0.7220000729485818
Sabine River,0.48138639899999996,0.18288000000000001,0.029260800000000003,,,,,0.229,6.7056000000000004,0.384048,2.575272269,,,,,,68.879752,,,Rhodamine WT,,,0.2,,,4/16/1972,,,SAB 4-16-72 SA3 !,0.4557252221157361,0.001765555847351164,0.3673556063409139,1.093742037614259,0.4334529368243655,0.001396572436404212,0.2768281507484081,1.02753521327315,0.4660047384040609,0.005482900276361316,0.31190043387490507,0.8382766284254636,0.3820553553827411,0.003311971145430829,0.08278299133213073,0.8424697109241285,0.3820553553827411,0.004180316695787704,0.08341981477640498,0.8486707211762321,0.3752023445238579,0.0022176961421994865,0.06391143477535106,0.8040373007235979
Sabine River,1.217624421,0.042672,0.050292,,,,,0.209,17.3736,1.23444,21.44666678,,,,,,85.938756,,,Rhodamine WT,,,0.2,,,4/16/1972,,,SAB 4-16-72 SA4 !,0.3325721564394169,0.006282271988191619,0.0037126337575787128,0.2138157213654242,0.34250279240288434,0.0021943046988320597,0.022411343962853658,0.4775881212677223,0.3388076250227613,0.0030486432628491077,0.013597631835089498,0.38026727720489184,0.33353466628633294,0.008613192194074875,0.010311311066237262,0.8102786214458456,0.33330410717355535,0.008570436207478212,0.009405211199735563,0.7916626638738361,0.3337367792159122,0.008679662189877672,0.010221696350553408,0.804925790784361
Sabine River,1.0194064919999999,0.042672,0.050292,,,,,0.209,17.3736,1.23444,21.44666678,,,,,,17.059003999999998,,,Rhodamine WT,,,0.2,,,4/16/1972,,,SAB 4-16-72 SB1,0.284362821635964,0.000797676555297338,0.15468695159024362,1.2550135339751758,0.28183111187507215,0.0010734128122005062,0.1403040532272475,1.244074783206104,0.2749322076433148,0.0014705880609396304,0.08710053631820508,1.0104243715739425,0.26069821587865255,0.004763149195797845,0.018792805936095548,0.8067654388502459,0.26351024367244424,0.004459239436731834,0.027440616099179645,0.8300633609274344,0.2627922027676071,0.00473730700532233,0.024039371337183164,0.8362758042210934
Sabine River,1.41584235,0.054864,0.029870400000000002,,,\,,0.18,12.192,0.509016,6.205923072,,,,,,37.175754000000005,,,Rhodamine WT,,,0.2,,,4/16/1972,\,,SAB 4-16-72 SB2,0.31583443545591017,0.004576853778557986,0.009630323546285163,0.31489681763290817,0.31731611724484127,0.00422770813261078,0.012629937147192955,0.36860305856284786,0.31359138877090154,0.005619964519739841,0.004942473674599837,0.1925399019968311,0.32549637930189884,0.00548014785420516,0.04069164537098617,0.8415417323827589,0.3211786145385741,0.005870358093809144,0.027674136881251196,0.7951401886729028,0.32051482891364363,0.00587411219111376,0.025453620689503006,0.7895244576140494
Sabine River,1.13267388,0.5669280000000001,0.0249936,,,,,0.183,13.411200000000001,0.347472,4.660016486,,,,,,72.581234,,,Rhodamine WT,,,0.2,,,4/16/1972,,,SAB 4-16-72 SB3 !,0.3672440257079709,0.005926982758265179,0.006235886259181158,0.22505631990263084,0.36742231902814515,0.005878017271002808,0.0064338093483646665,0.23555902319206787,0.36923853080355123,0.005112498274901143,0.008962749729934142,0.28810622887057774,0.3724601825436466,0.008249164830789486,0.023199852662365825,0.816965251097842,0.3730066999164637,0.007863785077605935,0.023839128282327208,0.8102612555621831,0.3704688435905573,0.008335124926633224,0.017761436402287507,0.7828643119984428
Sabine River,6.909310668,0.362712,0.0402336,,,,,0.16,16.4592,1.0332720000000002,17.0068305,,,,,,121.022368,,,Rhodamine WT,,,0.2,,,4/16/1972,,,SAB 4-16-72 SB4,0.4032164255621917,0.004054964338267235,0.017936289011940176,1.5087282856586104,0.40417784701495363,0.003310801200914029,0.013219467080311978,0.8986385619547098,0.5440814181174918,0.01102000423269909,0.20772711130589205,0.5570405968786261,0.3989266126587049,0.004408182139474085,0.0007972810776278954,0.48252245954304107,0.3988558066327897,0.004525901059889124,0.0006666552016681612,0.47156420728260573,0.40098829539293945,0.004046704823864735,0.0048987760342576545,0.8492307521878607
Sabine River,6.173072646,0.134112,0.041757600000000006,,,,,0.124,32.004000000000005,1.43256,45.84765024,,,,,,21.082354,,,Rhodamine WT,,,0.2,,,4/16/1972,,,SAB 4-16-72 SC1,0.4755946987485486,0.005902214537145375,0.1096341197357091,1.1798485571557304,0.4652209161976797,0.007207385183726058,0.06642462032103905,0.9615831529438795,0.46112516603729653,0.008798598397616366,0.05177146084210434,0.8877992343852589,0.4539298458149328,0.01528385646217632,0.030713622879176266,0.8638618370688523,0.4484663481126753,0.015106803983661961,0.017215020467785468,0.7772731833907445,0.45041431929307024,0.01498457383764359,0.01987234711589547,0.8036742795414726
Sabine River,7.07921175,0.356616,0.034747200000000006,,,,,0.134,21.336000000000002,0.9265920000000001,19.76976691,,,,,,55.361295999999996,,,Rhodamine WT,,,0.2,,,4/16/1972,,,SAB 4-16-72 SC2,0.5310588237169913,0.02261149486271233,0.0018455835577463043,0.05567805433507252,0.5313720089674134,0.022796658389827064,0.00174081527049428,0.054808073662769186,0.5318802888447286,0.02390410030620041,0.0015952195146407523,0.07646446347735157,0.5302107642008675,0.025587561205927537,0.0015395723508661691,0.16861267733591545,0.5304855049535496,0.026164380687193237,0.0015711566210615902,0.12402856229565262,0.5348358513758297,0.02195568529266,0.005502601589611955,0.4726571017949176
Sabine River,6.22970634,0.097536,0.0405384,,,,,,46.0248,1.530096,70.42236238080001,,,,,,93.502654,,,Rhodamine WT,,,0.2,,,4/16/1972,,,SAB 4-16-72 SC3,0.5846305926496512,0.0034638563641759264,0.20032234362407386,0.9390529709260819,0.569775377984651,0.0033636821986543523,0.15686221589758267,0.8588654094194229,0.5468284767305985,0.0030554654464462205,0.09302104190012259,0.6855452614841576,0.5028964493812026,0.02681295387191682,0.02728284751090277,0.8122416132966117,0.5044997996816185,0.02724596214568736,0.02999253508026721,0.8280238789750384,0.4998892203319899,0.027455416530937693,0.02092106708321335,0.7818927985632391
Sabine River,9.457826898,0.268224,0.039624000000000006,,,,,0.163,36.576,0.9692640000000001,35.451800064000004,,,,,,113.45847,,,Rhodamine WT,,,0.2,,,4/16/1972,,,SAB 4-16-72 SC4,0.5406737857754753,0.006434008616739714,0.05733688775571117,0.7110587832761835,0.5384767854889522,0.00441168966559933,0.04883728686592438,0.6318776612020193,0.5086121460680946,0.01777965682039537,0.003928103091551463,0.200322710552159,0.5101819909319488,0.021629619916882,0.010613407622934695,0.7586081237680564,0.5178289102590434,0.01949649614412426,0.023122642216372682,0.8369960274894881,0.5142744491197448,0.02101002047741227,0.01686191252812955,0.8131638235853894
Sabine River,127.4258115,,,,,,,0.179,,,,,,,,,7.885766,,,Rhodamine WT,,,,,,9/9/1969,,,SAB 9-9-69 S1,3.286103411212425,0.014447304724170095,0.9834336831988753,5.788373675725951,3.168791667317422,0.07878184279162948,0.9885827096068928,8.885961441672238,3.5527193741960486,0.007374950200518056,2.752925640526952,10.805058962027868,3.147288574723924,0.11588740141857944,0.11276425039086146,0.8524414221069192,3.1333835544281814,0.10271572097774977,0.11824631117546527,0.7518885645646465,3.10060882846133,0.13511788933505334,0.07666057691957386,0.8851348662883168
Sabine River,127.4258115,0.649224,0.048158400000000004,,,,,0.166,90.52560000000001,2.16408,195.9046404,,,,,,17.219938,,,Rhodamine WT,,,,,,9/9/1969,,,SAB 9-9-69 S2,2.645692131892444,0.026797777582479032,0.5559471807394929,5.983299454259329,2.6102444802462554,0.03660421464835258,0.42254739947938247,5.5063541616822524,3.449339099867258,0.011022415926121066,7.958076648501142,19.370646667276258,2.6180389007293683,0.06451157904038728,0.07857457419697422,0.8378190585222143,2.6303363685426437,0.07002770647891632,0.08061138413796572,0.8612289155787306,2.6039680500456583,0.06867605713218208,0.06856368164677214,0.833820361564425
Sabine River,118.93075739999999,,,,,,,0.149,,,,,,,,,39.911632000000004,,,Rhodamine WT,,,,,,9/9/1969,,,SAB 9-9-69 S3,1.752065245896611,0.005840558228619093,1.267396929280361,5.881307209843954,1.73010756991784,0.005541120077193912,1.1029735221169767,5.501110066407692,1.6660401697345504,0.0042525723962537326,0.7048303101231055,4.489649589350119,1.459280074963188,0.060957307796825934,0.00935635839423859,0.7868526757500445,1.4651119923972808,0.06195908130404896,0.012230226455681146,0.861501218880041,1.4610874996266516,0.0635330748277337,0.008615028884040135,0.8426279304664057
Sabine River,110.71887176999999,0.576072,0.048158400000000004,,,,,0.143,116.43360000000001,,,,,,,,79.82326400000001,,,Rhodamine WT,,,,,,9/9/1969,,,SAB 9-9-69 S4,2.3310128204328744,0.033975815530293094,0.4968419456661442,3.854098688078179,2.525617944591742,0.01318557299249747,1.1738608856206736,5.288628975328939,2.538743713263241,0.015460634159221514,1.2594341567530674,5.526208999790083,2.0847604943416753,0.1348566503436125,0.006271909542263356,0.6053425622657741,2.1611122689279147,0.12370375716527633,0.04027045750938679,0.9050478973945099,2.148963872674153,0.12768117729647765,0.03436702813498416,0.8927423217524217
Salt Creek,2.4635656889999997,0.438912,,,,,,0.512,24.384,0.22860000000000003,5.574182400000001,,,,,,9.253705,,,Rhodamine WT,,,,,,9/6/1972,,,SAL 9-6-72 S1,1.3384914048463306,0.0015164900593309437,0.5992545750883644,4.194228248682388,1.3295795050515038,0.0020455822629212284,0.521266820209196,3.7557744090106597,1.342440495129291,0.0017207194507874311,0.6153733893041826,4.186151624772725,1.3281156221290324,0.020038890010252206,0.12373742710317417,0.825883840854716,1.293011244451613,0.020694619749970708,0.09266076253950284,0.7789735646746548,1.2988619740645164,0.02009724294027206,0.09619755779573848,0.7801635122227996
Salt Creek,2.6419618250999997,0.344424,,,,,,0.484,39.0144,0.188976,7.372785254,,,,,,15.3048234,,,Rhodamine WT,,,,,,9/6/1972,,,SAL 9-6-72 S2,1.213803019345312,0.025647101830510673,0.04342057835572621,0.7614417176796637,1.2131875089495108,0.02711779969155882,0.039094163342971416,0.6871716966313018,1.21451098681342,0.026935147736809516,0.03794318878661069,0.6667712103381596,1.2488851931568128,0.025458250470782942,0.05594411029312362,0.6736887918280257,1.2738510612288,0.023197417305110414,0.07511823991346181,0.738016972729145,1.2431092276807214,0.025821165076604043,0.048992363246551957,0.6276574545477185
Salt Creek,3.001585782,0.39624000000000004,,,,,,0.503,28.956000000000003,0.262128,7.590178368000001,,,,,,31.3177564,,,Rhodamine WT,,,,,,9/6/1972,,,SAL 9-6-72 S3,1.2488301060803824,0.022402327823277397,0.041203400393854756,0.5585880951389028,1.2516656687296415,0.02118407951969221,0.04447570068317847,0.6007218472770347,1.2518195793176494,0.021780623456977382,0.043425804006455015,0.5804365747876009,1.4793255413104,0.014724683499003086,0.21216777445111182,0.8688707468680789,1.3626982164768002,0.013255001927760348,0.11852509768720784,0.7843480015885245,1.4240810190208002,0.014742200649163052,0.1668797011452364,0.8412895001256495
Salt Creek,3.029902629,0.310896,,,,,,0.433,28.956000000000003,0.3383280000000001,9.796625568000001,,,,,,44.5626246,,,Rhodamine WT,,,,,,9/6/1972,,,SAL 9-6-72 S4,1.1951480437884106,0.04038983972763189,0.019316466769913658,0.28227125326483704,1.1978041369628285,0.03826522908997749,0.02077542953130747,0.3023989073723157,1.1981595557760165,0.039282893665161245,0.020368556084803195,0.29444869164243376,1.426598155528,0.019501228754214762,0.2008871862976421,0.8712659773704061,1.2504997307577945,0.0345310434901429,0.058156282594740503,0.7106976068618962,1.3741925089984,0.022982855490511746,0.1570899391397801,0.8504050605798408
Salt Creek,4.0776259679999995,0.176784,,,,,,0.228,35.052,0.6583680000000001,23.077115136000003,,,,,,51.820748,,,Rhodamine WT,,,,,,9/6/1972,,,SAL 9-6-72 S5,1.0835439729194736,0.038509184848967856,0.022140997791143344,0.2516930776018497,1.0866212772715957,0.035734903865809436,0.02401604874243382,0.2746883156848224,1.0867076393870936,0.03835794624825452,0.023490064255917167,0.2650274097233567,1.158517597475,0.02471589724566405,0.08280414968560752,0.7267437512270458,1.1493919203135496,0.02823374852930206,0.07484905187545043,0.7131644296159272,1.1638076321666666,0.021539045103347722,0.0864859567791936,0.729130316447036
Smiley Creek,0.670004917,0.27005280000000004,,,,,55.40000000000001,7.5,7.100316000000001,0.34015680000000004,,sand and gravel,,,,,0.035405479999999996,,,Rhodamine WT,,0.018,,,,7/7/1989,,,SMI 7-7-89 S1,2.826815176705882,0.0009173775387802457,28.839275875588545,130.08794127778367,2.3686266119999995,0.0002583327663233558,29.66471642949171,89.08779392211837,2.3048967479999996,0.0005203283304046536,31.292958279357702,74.44081442721057,1.8847426092494228,3.305873388341421e-05,0.39872218360506495,0.24943537584346898,2.358004968,7.932109617975709e-05,0.758892992840695,0.255308621858257,2.3898698999999994,4.922465795786339e-05,1.9745346451007255,0.29409954192348253
Smiley Creek,0.670004917,0.27005280000000004,,,,,55.40000000000001,7.5,7.100316000000001,0.34015680000000004,,sand and gravel,,,,,0.32830536,,,Rhodamine WT,,0.018,,,,7/7/1989,,,SMI 7-7-89 S10,1.1789160463878239,0.002715597867640428,2.994918241807845,17.989883779327258,1.252549603597786,0.00021218797012855075,5.377693057168391,24.671937357510938,1.227881748766001,0.0004122665837250995,3.950302136667909,20.855280620760073,1.24405844416,0.004402032829120613,0.3258216879562114,0.7398655928412435,1.24942076504,0.004290191908560109,0.33208458262999085,0.7185728962780626,1.35666718264,0.003791356494148486,0.45164464142486166,0.7718000813778869
Smiley Creek,0.670004917,0.27005280000000004,,,,,55.40000000000001,7.5,7.100316000000001,0.34015680000000004,,sand and gravel,,,,,0.38946028,,,Rhodamine WT,,0.018,,,,7/7/1989,,,SMI 7-7-89 S11,1.1242918078420634,0.003317116647016798,1.931714724046315,18.408721146305474,1.245078417951037,0.00022461413151985123,9.180375545937885,36.262655433985884,1.2968671721860177,0.00021605182758756882,10.843083977518363,37.57291893501974,1.1636054414713897,0.0031433195335209044,0.38547163652647254,0.5727075800230292,1.1428496686448146,0.003789350451443613,0.28134648393000744,0.5571815679122952,1.193338883555477,0.0030783609963069107,0.3870157570546326,0.5957974029466367
Smiley Creek,0.670004917,0.27005280000000004,,,,,55.40000000000001,7.5,7.100316000000001,0.34015680000000004,,sand and gravel,,,,,0.44256850000000003,,,Rhodamine WT,,0.018,,,,7/7/1989,,,SMI 7-7-89 S12,1.3278488171715244,0.00014114999679060646,11.740813985623467,42.672879465151105,1.3340932532891603,8.9993332092644e-05,12.495703447472307,44.85149710259098,1.3209033354855382,7.263802764657213e-05,11.16222180711603,41.99192080390277,1.1314179631381214,0.003989836615626807,0.23102091463488603,0.5172575498711051,1.1267782239211672,0.004305579515566282,0.19972414304773753,0.4806780815318574,1.1315591408000003,0.004416925493125039,0.19046974217267162,0.46754371582509857
Smiley Creek,0.670004917,0.27005280000000004,,,,,55.40000000000001,7.5,7.100316000000001,0.34015680000000004,,sand and gravel,,,,,0.53751956,,,Rhodamine WT,,0.018,,,,7/7/1989,,,SMI 7-7-89 S13,1.3347619991004365,0.0015464717603420608,6.777962071143235,32.48150735145175,1.3407474789170306,0.0019096866458028702,6.81156347817587,33.250447749089105,1.3407474789170306,0.001485194075824495,6.829673954124187,32.532165651461575,1.26293624130131,0.0045993319925740584,0.2400680651489679,0.7048491394510477,1.26293624130131,0.004559766129164374,0.24765163715034216,0.6728495016996393,1.2569507614847162,0.0048417619370274565,0.19255552435672044,0.6996452544641084
Smiley Creek,0.670004917,0.27005280000000004,,,,,55.40000000000001,7.5,7.100316000000001,0.34015680000000004,,sand and gravel,,,,,0.73707772,,,Rhodamine WT,,0.018,,,,7/7/1989,,,SMI 7-7-89 S14,1.4270240168051236,0.0035226438078598383,3.434767549323024,27.745438187273383,1.3679166002715435,0.005014540439918872,1.382920752406376,18.65395703683346,1.3698254380787225,0.005052823530392398,1.2396632103443161,17.330758763089122,1.3573145368989938,0.006115961618914648,0.11427789433672132,0.6807289012312306,1.3871204324723247,0.006225922584253363,0.1214364468583757,0.7599289157530207,1.3897191746547166,0.006308221626724118,0.11279145189226136,0.7577742615824667
Smiley Creek,0.670004917,0.27005280000000004,,,,,55.40000000000001,7.5,7.100316000000001,0.34015680000000004,,sand and gravel,,,,,0.04345218,,,Rhodamine WT,,0.018,,,,7/7/1989,,,SMI 7-7-89 S2,2.3464177200000003,3.720200751082431e-05,4.023669848478744,124.16779998373468,2.3464177200000003,8.40958429942674e-05,40.79548716611986,305.0980385161638,2.372489028,0.00011898580841143105,69.73498039371313,336.37915709082176,3.9106962,7.12385446244513e-05,0.20862877072361477,0.7781076240047842,3.0764143440000002,1.725322464907537e-05,0.06749349910614587,0.8189153532841009,3.9106962,5.1469691519602775e-05,0.5282307036433833,0.6873333403474899
Smiley Creek,0.670004917,0.27005280000000004,,,,,55.40000000000001,7.5,7.100316000000001,0.34015680000000004,,sand and gravel,,,,,0.054717560000000005,,,Rhodamine WT,,0.018,,,,7/7/1989,,,SMI 7-7-89 S3,2.536905054545455,2.5233230131097332e-05,19.077811644321567,78.29009273735757,1.572881133818182,0.00393252299940078,2.042150674452944,11.38847694082279,2.437418581818182,5.2595728281099205e-05,118.85048524213025,486.2371994738882,2.133299322255032,4.484335493471948e-05,1.4252026900321455,0.45321627085672556,2.1335060506377306,5.1515990773862154e-05,1.575203265290736,0.45483177526300533,2.1368036233939396,5.321994682349818e-05,1.324174895165457,0.4506350192313996
Smiley Creek,0.670004917,0.27005280000000004,,,,,55.40000000000001,7.5,7.100316000000001,0.34015680000000004,,sand and gravel,,,,,0.07563898,,,Rhodamine WT,,0.018,,,,7/7/1989,,,SMI 7-7-89 S4,1.66042688896,3.1440238929250785e-05,26.240387333454926,70.59139586910406,2.176188149673919,4.138463290041331e-05,110.99459333145764,153.54605330546724,1.43502272856,7.996470211127465e-05,21.69239890502206,80.0145008013433,1.404340594594066,5.570052702491821e-05,0.28362721137150043,0.5751799792123242,1.4195923766399998,5.3276622253429945e-05,0.5761138639163418,0.5112889749116192,1.43502272856,4.417874569964814e-05,0.5648500065780082,0.5449032890814437
Smiley Creek,0.670004917,0.27005280000000004,,,,,55.40000000000001,7.5,7.100316000000001,0.34015680000000004,,sand and gravel,,,,,0.09816974,,,Rhodamine WT,,0.018,,,,7/7/1989,,,SMI 7-7-89 S5,2.0892571980311443,1.2398522293380295e-05,116.48579296758761,138.51112098603278,1.8722689701097732,3.9112220214759216e-05,49.20053126862553,75.76151728010208,1.6962851939999999,0.0003153679874828536,25.46362023436891,50.04066515162078,1.3600172039999998,3.687040029442063e-05,0.15155884676794695,0.366478624432512,1.3600172039999998,3.64692137994597e-05,0.3035290871825073,0.2462566273151856,1.3824350699999999,2.4096939251122412e-05,0.2863572052655534,0.337908471967471
Smiley Creek,0.670004917,0.27005280000000004,,,,,55.40000000000001,7.5,7.100316000000001,0.34015680000000004,,sand and gravel,,,,,0.12713786,,,Rhodamine WT,,0.018,,,,7/7/1989,,,SMI 7-7-89 S6,1.40792466164,0.0007417883277812189,29.129770967547294,53.49486155898552,1.155470602990572,0.002454776164745334,8.45206919909624,28.150124585368538,1.1715483969489275,0.0027332093862814386,8.427970886801875,29.9305808256861,1.2075811463230552,2.5941449993771132e-05,0.46914380649095555,0.31288822955395323,1.197777794249433,2.873005594619069e-05,1.021155282812357,0.1375056152790839,1.2034324787505242,3.575456875663206e-05,1.1271250480737482,0.2403809108614956
Smiley Creek,0.670004917,0.27005280000000004,,,,,55.40000000000001,7.5,7.100316000000001,0.34015680000000004,,sand and gravel,,,,,0.17863674,,,Rhodamine WT,,0.018,,,,7/7/1989,,,SMI 7-7-89 S7,1.4710546647112874,2.9393049096081758e-05,4.213973985791488,19.914648409639007,1.45886671,0.0009147765125686625,11.181027946180944,36.2311920070842,1.4774541577935731,0.0018254695204189832,9.88710235135076,33.53367143822426,1.45138534225641,0.002525473072457613,0.16151869376682165,0.8168388045715196,1.45138534225641,0.0027006957250852556,0.22362292157312297,0.7342091805811648,1.45886671,0.004434311676489233,0.23145054271861298,0.7223019962789274
Smiley Creek,0.670004917,0.27005280000000004,,,,,55.40000000000001,7.5,7.100316000000001,0.34015680000000004,,sand and gravel,,,,,0.24622902,,,Rhodamine WT,,0.018,,,,7/7/1989,,,SMI 7-7-89 S8,1.797176960946108,4.284342005943211e-05,12.458533503802157,32.00464591404607,1.748373484526946,0.001672092270974725,17.39870502658277,44.66056982828582,1.6919029967065866,0.0005437124689938504,8.315355793891337,26.23720471525686,1.6618247212095807,0.0002311412761828474,1.315993372593312,0.06774204985069288,1.6768638589580838,0.00021129931308388347,1.2581572431211265,0.105917069069841,1.7144617033293412,0.00012537759349102515,1.8345290394703895,0.09826244569604492
Smiley Creek,0.670004917,0.27005280000000004,,,,,55.40000000000001,7.5,7.100316000000001,0.34015680000000004,,sand and gravel,,,,,0.28485318,,,Rhodamine WT,,0.018,,,,7/7/1989,,,SMI 7-7-89 S9,1.1873347171970339,0.002378072813860235,7.40554013610908,34.070108187992375,1.334366236392,0.0004775587877877594,16.7988229692142,45.280402949609474,1.28301927267857,9.183063524144923e-05,12.097211660664884,36.6148505191696,1.192156328781586,0.004510882576451389,0.31212765760232675,0.8066407176616963,1.197067003632,0.004544724331921993,0.30412330483400574,0.7948784732134317,1.1850651599900925,0.004605054184257717,0.28732485404931285,0.7585352642305614
Stringer Creek,0.021124368,,,,,,,,,,,Bedrock transition between sandstone-upstream and granite-gneiss downstream,,,,,0.023979166,,,Cl,,0.5,,,,7/25/2006,,,STR 7-25-06 S1-1,0.4704895261144068,0.00026686759896956823,21.8210064201045,64.90026470488084,0.45731463509180265,0.0003272772418626181,14.21382619562661,51.507666294996866,0.4854257015466102,0.0002963076388186796,19.170501575440028,60.6693357772984,0.47932930341101704,0.0003836960854928146,0.9824912474179445,0.659108442084932,0.48969318024152547,0.00035451491580181026,1.176012155899325,0.607304907174005,0.48451124182627126,0.0004307439905763053,0.8700832329800555,0.6122740718913033
Stringer Creek,0.022370309130000002,,,,,,,,,,,Bedrock transition between sandstone-upstream and granite-gneiss downstream,,,,,0.023979166,,,Cl,,0.5,,,,7/25/2006,,,STR 7-25-06 S1-2 ,0.48034869974846356,0.0003508489943613553,8.458963049626439,61.49474809380149,0.5124447425474082,0.0003293362516170086,14.207389267874689,80.92533766651637,0.5685428278118825,0.0002527826584135738,32.76606575727435,117.1784564944001,0.5226699811634509,0.0003919617645272384,0.5193731131034397,0.7319231965840813,0.4939812908515285,0.00042381312724908707,0.4625045518763449,0.5687962482204652,0.5260233205283844,0.0004222312926374242,0.45895305078635895,0.6526421919649452
Stringer Creek,0.022625161,,,,,,,,,,,Bedrock transition between sandstone-upstream and granite-gneiss downstream,,,,,0.023979166,,,Cl,,0.5,,,,7/25/2006,,,STR 7-25-06 S1-3,0.4759737820835458,0.0003009930555935074,12.166945819312657,78.69273506451617,0.4865408798074779,0.00031761454614306006,11.355365108440333,76.02787396349099,0.5298177293556323,0.00026263345662072595,24.400912351325708,108.24291033440674,0.5102261266117543,0.00036713016748690864,0.4702990431951682,0.7679254573625753,0.5103541609426707,0.0003840811967477907,0.432296000240433,0.7376151951446901,0.5119665212354283,0.00038657075007967804,0.42302928034092097,0.6902439908417881
Stringer Creek,0.023502983,,,,,,,,,,,Bedrock transition between sandstone-upstream and granite-gneiss downstream,,,,,0.12906906799999998,,,Cl,,1,,,,7/25/2006,,,STR 7-25-06 S10,0.3817952773839597,0.00032414663963273657,3.5024840328983746,24.986929276295523,0.39427701903156326,0.00027489030050506074,4.92235677024015,29.05266681229534,0.390760122225148,0.00030403542305155556,4.063971771964976,26.632778733172493,0.373730112562249,0.0005002989753531638,0.18450732113967105,0.7019852979998635,0.3846154556465863,0.0004849328656780984,0.21725688494203785,0.7241299862891278,0.3718287344283596,0.0005183066099674649,0.16763370061899624,0.6001030670001224
Stringer Creek,0.021435853,,,,,,,,,,,Bedrock transition between sandstone-upstream and granite-gneiss downstream,,,,,0.028968119999999997,,,Cl,,1,,,,7/25/2006,,,STR 7-25-06 S11,0.41926226451694126,0.0004029326776108644,9.83601398726732,41.97841201129135,0.43638338784690106,0.00041320751112345646,10.514755968796566,43.30225576042853,0.4639231930593499,0.0003779630072811423,14.495355024756048,51.13905647692728,0.4610912858598726,0.00044592471515937095,0.8809330341821799,0.6638977006244724,0.4656302813173818,0.0004076776550149167,1.0505907885741617,0.5966235247120453,0.46237203695463297,0.0005408578527300499,0.6359935998692102,0.6419043345865685
Stringer Creek,0.021350902637999998,,,,,,,,,,,Bedrock transition between sandstone-upstream and granite-gneiss downstream,,,,,0.13598923000000002,,,Cl,,0.5,,,,7/25/2006,,,STR 7-25-06 S12,0.3105272889781398,0.00041382938024212327,0.8187857476642966,10.9252141887252,0.3124587528108315,0.00042907849325773663,0.714010560934922,9.719893920782694,0.3218044285437232,0.00037778913944478033,1.3713721213854388,15.254331823634823,0.32242607758064523,0.0004365263560532986,0.1686803527826391,0.6975251565088296,0.32709891928471246,0.00044349465723044726,0.17103518847487895,0.7128643376349568,0.328656533186069,0.00044757084490187145,0.16584865563495776,0.6989965591048677
Stringer Creek,0.022710111,,,,,,,,,,,Bedrock transition between sandstone-upstream and granite-gneiss downstream,,,,,0.225951336,,,Cl,,1,,,,7/25/2006,,,STR 7-25-06 S13,0.3095050477757822,0.00043901624120488405,0.6799849560112367,9.866888761640908,0.3259589848462166,0.000354953492585849,2.0918975435120655,19.03921672033892,0.3114803976625426,0.0004693051870870367,0.5337051316969099,8.443016988480702,0.31218236929917365,0.0004934624773308497,0.11862007287681182,0.629538002636924,0.31236027440160735,0.0004983167055590214,0.12275281114497812,0.5697422892060995,0.3225037755383347,0.0004544181181721341,0.15384722582636368,0.6700368554720844
Stringer Creek,0.020642981462999997,,,,,,,,,,,Bedrock transition between sandstone-upstream and granite-gneiss downstream,,,,,0.036049216,,,Cl,,0.5,,,,7/25/2006,,,STR 7-25-06 S14,0.31472784806217174,0.0002796268902218851,4.998917840347335,41.45461036065209,0.349468846016529,0.00025000054529818546,14.28215086660073,69.99535638305562,0.3362818740073628,0.00027740242958192147,6.764177204198631,47.41296583389495,0.3311983982094909,0.00034012649378672446,0.27437102759147425,0.801545463681407,0.3313065669640638,0.00034953955533106515,0.24616623636308776,0.7599667045330486,0.3329498271157641,0.00034341940619911284,0.2591049384177387,0.682813073641773
Stringer Creek,0.021039417,,,,,,,,,,,Bedrock transition between sandstone-upstream and granite-gneiss downstream,,,,,0.12601132199999998,,,Cl,,1,,,,7/25/2006,,,STR 7-25-06 S15,0.30197038271005894,0.00043643201637870584,0.7256307272110255,9.184540112730504,0.3053739358727352,0.00044511786709482126,0.7174110372624141,9.109638829423249,0.31139660074478936,0.00042165178108106386,0.9698802662942387,11.341663429512783,0.32273313928402364,0.00044423185175480407,0.2036804082446742,0.740728763133401,0.3118921742581973,0.0004663268698487821,0.1588811982859315,0.609115578369354,0.32121081315532535,0.0004605714256549457,0.1747025781108282,0.6780172789580361
Stringer Creek,0.019850109746999998,,,,,,,,,,,Bedrock transition between sandstone-upstream and granite-gneiss downstream,,,,,0.026071307999999998,,,Cl,,1,,,,7/25/2006,,,STR 7-25-06 S16,0.4216584718186031,0.00037998933060090105,8.412481577896493,43.756048818779725,0.45198204370471307,0.0003626889887971311,12.734029067557914,55.84118978423799,0.487770471490909,0.00032074299663514133,20.233321810648388,70.60751673766711,0.468999129730909,0.00039964830876731614,0.8741976344281408,0.6538965632007937,0.45449400200727275,0.00043891261234281167,0.7945667085888803,0.5794423722427389,0.47533135069586085,0.00046689007881460574,0.6466296934679404,0.6422641355544183
Stringer Creek,0.020529714,,,,,,,,,,,Bedrock transition between sandstone-upstream and granite-gneiss downstream,,,,,0.122953576,,,Cl,,0.5,,,,7/25/2006,,,STR 7-25-06 S17,0.2845759394568033,0.0004090131364778109,0.7913305101183796,9.981479833369928,0.29038264058953406,0.0003944191951441591,1.028207563490232,11.879874410867657,0.2941391099197616,0.0003905847688111731,1.0937392291848278,12.290927521425004,0.3036218615406767,0.00042261942115380785,0.20523893795488207,0.7429577480812288,0.3050676799289656,0.00042264814635382573,0.2062473311447313,0.7183974047335788,0.3021760431523878,0.00043015723802959584,0.17933702098340323,0.6732234710249698
Stringer Creek,0.021152685,,,,,,,,,,,Bedrock transition between sandstone-upstream and granite-gneiss downstream,,,,,0.229009082,,,Cl,,1,,,,7/25/2006,,,STR 7-25-06 S18,0.30322918410975974,0.0005361543707608479,0.4579440663979544,4.743771253880086,0.3044509462160349,0.0005594475127707504,0.398664622171874,4.078119512315566,0.30688311558356607,0.00056129617431026,0.39971852665515023,4.089290691249684,0.3137046541238238,0.0005374001064255659,0.1724366641524367,0.5983672702502603,0.3244165203621983,0.0005141376113832247,0.2027925216712404,0.6711398370416427,0.31676518733478803,0.0005139488645117807,0.18594771905359672,0.5491557192581085
Stringer Creek,0.018122782,,,,,,,,,,,Bedrock transition between sandstone-upstream and granite-gneiss downstream,,,,,0.023013562,,,Cl,,0.5,,,,7/25/2006,,,STR 7-25-06 S19,0.3118537012848777,0.00016031167554510364,16.817522811952138,62.550907492833666,0.33101916564056705,0.00014566244546347434,21.862679937601243,68.50898689094512,0.3229204572698413,0.0001720658204396647,15.558268489539344,60.65310679105611,0.3031426704959994,0.00023013875679881503,0.5452907187647347,0.6921962719199621,0.2872129067063493,0.0002606080349868367,0.38263803331659857,0.578569934777674,0.3050342573834415,0.00026292809951018525,0.38126060458749517,0.6515039074716928
Stringer Creek,0.023049913457999997,,,,,,,,,,,Bedrock transition between sandstone-upstream and granite-gneiss downstream,,,,,0.125045718,,,Cl,,0.7,,,,7/25/2006,,,STR 7-25-06 S2-1,0.5810502844052245,1.4667928377860502e-05,86.8577491366619,195.69400542162614,0.5639880649701937,7.895356738209361e-06,68.89760070026678,170.93126017024434,0.5444806860860146,8.659440539011047e-06,58.7815138872968,164.92778538265398,0.5446001945772538,0.00018913769044427963,0.5040329984014598,0.8920824986758246,0.42943384518636507,0.0002455610596186644,0.08071154987513997,0.9087008404220094,0.43528976125708824,0.00023790684804873377,0.10129375941343446,0.8963721305844001
Stringer Creek,0.023049913457999997,,,,,,,,,,,Bedrock transition between sandstone-upstream and granite-gneiss downstream,,,,,0.125045718,,,Cl,,0.7,,,,7/25/2006,,,STR 7-25-06 S2-2,0.3969862951876837,0.0004379262893789631,1.8510254118985734,27.2316841679731,0.4144100911873355,0.00038997941546790583,4.11349936147767,40.12805405672774,0.40335570534646037,0.00045157907151559913,1.7626503375384648,26.851125510463156,0.40991412495062113,0.0005086804050711891,0.14815237777557594,0.7998204497439756,0.3967697693654974,0.0005220407401153408,0.10848910110485846,0.642818171443035,0.4079621529270468,0.0005056654834447083,0.1339476096771967,0.7130503661564329
Stringer Creek,0.019283773,,,,,,,,,,,Bedrock transition between sandstone-upstream and granite-gneiss downstream,,,,,0.12906906799999998,,,Cl,,1,,,,7/25/2006,,,STR 7-25-06 S20,0.3214708122795403,0.0004568801849671965,1.0626645358453535,10.26370172665553,0.32522498469093,0.000462843570257798,1.0788290714779143,10.387376376108188,0.3288336583495912,0.0004642111943207741,1.0863934012643233,10.421312931432244,0.3390657926270104,0.00047941722577568617,0.24098726934094775,0.6853790481961735,0.3310981509740237,0.0005032836993983325,0.21540435751587164,0.57769380960777,0.3374511936145009,0.0004933578739722267,0.2257381184801397,0.6009527770416985
Stringer Creek,0.018405951,,,,,,,,,,,Bedrock transition between sandstone-upstream and granite-gneiss downstream,,,,,0.028968119999999997,,,Cl,,1,,,,7/25/2006,,,STR 7-25-06 S21,0.4637327648713279,0.0002833146707478759,11.166676343066591,63.68865360371123,0.4821110257579689,0.0002742049219466855,13.956542339722631,71.98678118887952,0.4761406115912137,0.0003122127920337524,8.723286868213112,54.56952054805739,0.47911278682533726,0.00034818236018630146,0.5224925820500638,0.6888075285468244,0.4795940068255102,0.0003622314870051544,0.5192316970864591,0.6437748868266706,0.48040109136744236,0.0003701557264672731,0.5363539791619498,0.58290884871201
Stringer Creek,0.024125953643999998,,,,,,,,,,,Bedrock transition between sandstone-upstream and granite-gneiss downstream,,,,,0.21195007800000001,,,Cl,,1.4,,,,7/25/2006,,,STR 7-25-06 S3,0.371104048676206,0.0004369443805166378,1.149621272557662,18.254275105298774,0.3857847093472008,0.0003566096634966722,2.5879188349655124,26.323606986980383,0.39588592216191704,0.00037145671847546715,4.1956169615509555,36.68127112334312,0.3963951840458016,0.0004915499919748167,0.1750345118153513,0.8331632964268803,0.37092388879432986,0.0005076774713020936,0.10577828691064001,0.6156639597049001,0.3873862025902151,0.0004931754732332666,0.13855117863465097,0.7709814131626541
Stringer Creek,0.022200408,,,,,,,,,,,Bedrock transition between sandstone-upstream and granite-gneiss downstream,,,,,0.032025866,,,Cl,,0.7,,,,7/25/2006,,,STR 7-25-06 S4,0.46752782232948537,0.0003142292900821536,10.059738115522142,60.98666106613461,0.4995629565686724,0.0002893241851676264,17.656861331077295,85.18572470366107,0.488126731420485,0.0003245174570851447,10.316679098782567,61.561980430471344,0.48122345192685645,0.0003945697610400601,0.42660436061467855,0.716608357176179,0.48171518808015684,0.0004096338817377069,0.41414716880398067,0.6713956855502137,0.4825576586153205,0.00041768767019067404,0.416541602730198,0.60887579589874
Stringer Creek,0.023219814539999998,,,,,,,,,,,Bedrock transition between sandstone-upstream and granite-gneiss downstream,,,,,0.11893022599999999,,,Cl,,1.4,,,,7/25/2006,,,STR 7-25-06 S5,0.37844357541479096,0.0003429441397940091,2.7145095187255968,25.10466672762646,0.3845184555577236,0.00033866400061009435,3.2175907110449864,28.120111828518073,0.38300593283616446,0.00035668111453278584,2.548645279213628,24.596586310346506,0.379059583594569,0.00045263266994611525,0.17539671200799437,0.7168571066127347,0.3827397737265551,0.0004588809015691179,0.1755251465346564,0.714857966971731,0.38641996385854116,0.00046053525012607885,0.17578322941180152,0.7131821703683371
Stringer Creek,0.022087141,,,,,,,,,,,Bedrock transition between sandstone-upstream and granite-gneiss downstream,,,,,0.018990212,,,Cl,,1.4,,,,7/25/2006,,,STR 7-25-06 S6,0.4224788574329599,0.00017961597288820424,41.33095811922217,125.38648818381282,0.3822545391824868,0.00022266414597228823,13.527250378789125,63.806556329464705,0.4353987736811594,0.00016371071297005869,34.3143363801152,99.46650441087482,0.3916606391429802,0.0002520937728696848,0.7554310854848679,0.6699969469045721,0.3869992892670807,0.0002630295115192974,0.8298044451554576,0.5773242449687821,0.3947950957955169,0.00028664675651996017,0.612860428630092,0.6136908595693126
Stringer Creek,0.022511893,,,,,,,,,,,Bedrock transition between sandstone-upstream and granite-gneiss downstream,,,,,0.122953576,,,Cl,,0.7,,,,7/25/2006,,,STR 7-25-06 S7,0.3764023203750824,0.000513192831328217,0.8085482626375419,10.970811659808325,0.3807060299673151,0.0005209063455349683,0.8162269833146354,11.059380586837127,0.3863618726492156,0.0005073738305235216,0.9640091394643,12.691072400365318,0.40341605555234195,0.0005036756296130575,0.21713234030895284,0.7364468430854871,0.38844675865747674,0.00052920046825597,0.18458641627651853,0.5705999696999087,0.39432278409401456,0.0005303339905858454,0.1806505962671621,0.6061278355749311
Stringer Creek,0.023502983,,,,,,,,,,,Bedrock transition between sandstone-upstream and granite-gneiss downstream,,,,,0.229009082,,,Cl,,1,,,,7/25/2006,,,STR 7-25-06 S8,0.3652876213547246,0.0005291432969389082,0.86342958138003,12.56524978701388,0.38477972946472916,0.0003984710992148891,2.4643029100111935,21.285541166962314,0.369363523450529,0.0005383449577565189,0.8174861061678494,12.004310176481184,0.36836279798416277,0.0005833984014376789,0.1233005618096525,0.6494095630432988,0.36780754308618163,0.0006251589670040103,0.10635372639943493,0.6293727301253527,0.38063141501055997,0.0005742792972646168,0.15192743983411786,0.7005830316079151
Stringer Creek,0.021520804,,,,,,,,,,,Bedrock transition between sandstone-upstream and granite-gneiss downstream,,,,,0.023013562,,,Cl,,0.7,,,,7/25/2006,,,STR 7-25-06 S9,0.5691006543030126,0.0003287140400627097,45.291451009181166,149.316469063067,0.5294092916586685,0.0003735546077667913,18.211810872654652,87.02913557517877,0.5989904012471132,0.0002862156349416926,41.178617097569806,120.90365973298765,0.5296769109783206,0.00041391377539762785,0.7559032327587486,0.6630323080557615,0.5285678385450348,0.0004912707696696877,0.5024751178577234,0.6915603766165057,0.5338118908938493,0.0005006235775061367,0.4851649859932573,0.642387247407586
Stringer Creek,0.01885902,,,,,,,,,,,Bedrock transition between sandstone-upstream and granite-gneiss downstream,,,,,0.028968119999999997,,,Cl,,0.5,,,,7/26/2006,,,STR 7-26-06 S1-1,0.47287606229437257,0.0002875661543683395,10.897358213403606,63.27454201067025,0.48343365166945135,0.00029533644412689123,11.03385951064461,63.6115918811982,0.4887907726335965,0.0003097912969030242,9.51844131548785,58.343604521236635,0.49967149249953435,0.0003515662744164617,0.5321804399996805,0.7163978722110131,0.5016639909289147,0.00035832707404968606,0.5385565100478278,0.6795240930046491,0.5018125554585591,0.0003714702731247029,0.5113610375975051,0.6435936698545701
Stringer Creek,0.019283773,,,,,,,,,,,Bedrock transition between sandstone-upstream and granite-gneiss downstream,,,,,0.028968119999999997,,,Cl,,0.5,,,,7/26/2006,,,STR 7-26-06 S1-2,0.4714238977641113,0.00026603690756901374,11.772545227132937,66.16906259152587,0.5004144962126128,0.00023723681674458005,18.767384186884104,84.72879137001708,0.49398499447972916,0.0002651323159596387,13.231702575126645,70.22264767441528,0.4884079547608214,0.00033520347960964124,0.5167520061744718,0.7007625378696374,0.4895349017067219,0.00034753164308702216,0.51028465974047,0.6638925139215418,0.4912027104846284,0.00035362955973608935,0.5160540239819265,0.6180634439996464
Stringer Creek,0.013280601242999998,,,,,,,,,,,Bedrock transition between sandstone-upstream and granite-gneiss downstream,,,,,0.121022368,,,Cl,,1,,,,7/26/2006,,,STR 7-26-06 S10,0.2236585378790428,0.00030304543954572577,1.0005423048805864,7.23084871081042,0.2240857378074472,0.00032437029055045884,0.8169933601851933,5.989446171114401,0.22915708861535747,0.0003046978401889685,1.0463743950161204,7.451394156030242,0.23720384127999997,0.00033174509015855113,0.2718947894880096,0.6733951391102402,0.23123884790751742,0.0003505362568200179,0.23634504042580506,0.584369119317425,0.23720384127999997,0.00034932158802447697,0.2460838492690243,0.6251952231125291
Stringer Creek,0.004870498,,,,,,,,,,,Bedrock transition between sandstone-upstream and granite-gneiss downstream,,,,,0.02092142,,,Cl,,1,,,,7/26/2006,,,STR 7-26-06 S11,0.25276050424311924,0.00014151205257002212,21.800370171463552,59.16016111786741,0.2527405390988712,0.0001571884738767303,18.755587227843474,56.8314119831956,0.24349941694954125,0.00018779946993201767,11.439269734073813,49.33080477017832,0.22147434405963304,0.00019888880292092737,0.6554594130361336,0.5904674105621612,0.23248688050458716,0.00018225291443304541,0.8252097124952322,0.5524887767400586,0.24030376513084323,0.00021720522338220357,0.5268657710372359,0.6486445031019155
Stringer Creek,0.006512875,,,,,,,,,,,Bedrock transition between sandstone-upstream and granite-gneiss downstream,,,,,0.12601132199999998,,,Cl,,0.4,,,,7/26/2006,,,STR 7-26-06 S12,0.1904299734482215,0.00017079744532278517,0.9070138308264153,6.480259097997331,0.19294396165641373,0.0001634424784996771,1.028740606539157,7.190544349190206,0.19309010202609028,0.00017394832428653152,0.9004528118904193,6.448142184235353,0.200435547408923,0.0001827401680310931,0.26394537683802455,0.6407227310818977,0.19948561590461533,0.00018696762851670874,0.25437910084658405,0.6094246094800279,0.1966358213916923,0.00019831685096396756,0.23595764652650356,0.5411300386086335
Stringer Creek,0.00736238,,,,,,,,,,,Bedrock transition between sandstone-upstream and granite-gneiss downstream,,,,,0.225951336,,,Cl,,0.8,,,,7/26/2006,,,STR 7-26-06 S13,0.2074926857911172,0.0002906869682128005,0.4867473365298764,2.241907817024812,0.20859813094644647,0.0002957560195426638,0.477502579072625,2.160544925789781,0.20989947439705783,0.0002965744861991845,0.4777876147445924,2.1621996175504767,0.2167431544952471,0.00024596243388001353,0.3182384511471792,0.442192132589489,0.21778518889185883,0.0002504663495181785,0.3161801294783894,0.4433996018595615,0.21882722328847057,0.00024958341558198115,0.31764099630966536,0.44125927238644147
Stringer Creek,0.006088122,,,,,,,,,,,Bedrock transition between sandstone-upstream and granite-gneiss downstream,,,,,0.026071307999999998,,,Cl,,0.4,,,,7/26/2006,,,STR 7-26-06 S14,0.16532350703741389,0.0001053960399164635,2.331687596044235,13.744547525902147,0.16891872225317908,0.00011146452352429323,2.1881985742220245,13.102348607500362,0.17162430334239134,0.00011674455162236461,1.8280792087142899,10.754263597171168,0.1775168673890754,0.00010875860940667466,0.475391754242012,0.6243758784531686,0.17757305954247787,0.00011520457573860889,0.4594490883664943,0.5773004379267841,0.17781095228938135,0.00011864337101792741,0.47300348892622796,0.5056933527468412
Stringer Creek,0.00673941,,,,,,,,,,,Bedrock transition between sandstone-upstream and granite-gneiss downstream,,,,,0.12601132199999998,,,Cl,,0.8,,,,7/26/2006,,,STR 7-26-06 S15,0.22966460741000067,0.00022340973712960726,1.0658685579368943,7.6333400968650755,0.2297884245929781,0.00023872516447595983,0.9032487216332452,6.56012264734762,0.2332488353294187,0.00022658736902436208,1.0687913728111391,7.647168546715901,0.2371743995260716,0.000248206031759275,0.261307484945683,0.5967615823300829,0.2394659396181109,0.0002498852371041741,0.2632820444383012,0.5993301393999007,0.24061170966413056,0.000254619532685621,0.25840053838216903,0.5913785194842234
Stringer Creek,0.006003172,,,,,,,,,,,Bedrock transition between sandstone-upstream and granite-gneiss downstream,,,,,0.026071307999999998,,,Cl,,0.8,,,,7/26/2006,,,STR 7-26-06 S16,0.3271155802923842,0.0002117939100417048,7.086717263747773,39.29753641882579,0.36995513756512466,0.0001650010411469944,20.280492945169854,73.31379128243621,0.34745779695285256,0.0002127039346803452,8.435136422686938,43.9999227575714,0.3406920940778046,0.000244563626656579,0.5688867557673002,0.6425478087002596,0.3410786452753081,0.00025671233949455186,0.5761842196594777,0.5855923648327119,0.34176409388995876,0.00026453849637734714,0.6221464748236938,0.5051836030948228
Stringer Creek,0.006371291,,,,,,,,,,,Bedrock transition between sandstone-upstream and granite-gneiss downstream,,,,,0.121022368,,,Cl,,0.4,,,,7/26/2006,,,STR 7-26-06 S17,0.24617820652044312,0.0002767998534647148,0.776372921460629,6.0550877522022395,0.24834851946255557,0.00028247753463321124,0.7637025379347882,5.965877650975616,0.2521913693156626,0.0002707961293680203,0.9139953396503259,7.271580934133858,0.2606362843700293,0.00027521288660290643,0.2609061713389954,0.6330400905189035,0.2618774095336961,0.00027136656403694263,0.26747127644335583,0.6113373858335198,0.2606362843700293,0.0002739885020258238,0.26550662906659744,0.562092838997138
Stringer Creek,0.007164162,,,,,,,,,,,Bedrock transition between sandstone-upstream and granite-gneiss downstream,,,,,0.23094029,,,Cl,,0.7,,,,7/26/2006,,,STR 7-26-06 S18,0.24553757402641146,0.000305746178821405,0.5258413405203599,4.415502832327671,0.24777839299018078,0.00029151063955694834,0.5834053065213552,4.81367259226855,0.24851421900497594,0.0003029101203506767,0.545645913813116,4.552429619018501,0.25188008532719286,0.00030006823425698806,0.20505083992284498,0.5224611044518368,0.2516034965862577,0.0003224309758826411,0.19316779266771814,0.5051626742103329,0.2625937845304706,0.0002894910981124207,0.22358557361453896,0.6404224135646859
Stringer Creek,0.006201389,,,,,,,,,,,Bedrock transition between sandstone-upstream and granite-gneiss downstream,,,,,0.02092142,,,Cl,,0.4,,,,7/26/2006,,,STR 7-26-06 S19,0.25418438161640855,0.0001629336280917775,4.520447883928598,27.675946813039477,0.2600727458123784,0.0001754088957185878,3.8517966979057667,24.129441746352498,0.2679134504694888,0.00017836870623671888,3.8018252115399993,23.771304956814348,0.27340804454664913,0.00017167031862082668,0.5780238921984466,0.6421293842031746,0.2748101370827858,0.00018005346324290072,0.5884794465156151,0.5879928263827823,0.2761742548370261,0.00018481910674286763,0.6356993825595477,0.5115918331877283
Stringer Creek,0.01931209,,,,,,,,,,,Bedrock transition between sandstone-upstream and granite-gneiss downstream,,,,,0.122953576,,,Cl,,0.5,,,,7/26/2006,,,STR 7-26-06 S2,0.37960835255431363,0.00046423079721944014,1.6445541288411356,15.505636564273102,0.3815104647666973,0.0004855533558199979,1.4517455999303568,14.218633595075532,0.3875926863870109,0.0004700306897922145,1.6886666997225375,15.766230050390186,0.3958401671851619,0.0005206247042725154,0.24273156193608275,0.6962470716515545,0.3885829168387909,0.0005403275938361204,0.22196629322931224,0.6094442914848285,0.3958401671851619,0.0005457599387238975,0.21664548930724847,0.6496274474998505
Stringer Creek,0.00673941,,,,,,,,,,,Bedrock transition between sandstone-upstream and granite-gneiss downstream,,,,,0.131000276,,,Cl,,0.7,,,,7/26/2006,,,STR 7-26-06 S20,0.2549230760025238,0.00023899788776422063,1.0745991769706067,8.542894070142081,0.2568270677781388,0.00024122956263518248,1.0813975571083991,8.60539019099846,0.25807085063733193,0.0002484884797362475,1.0198220884293305,8.237737194289512,0.26772198840999406,0.0002434912546814916,0.27777704123021824,0.6317553881985798,0.27024766754593743,0.0002472135579710422,0.2776024533626235,0.6400604083125694,0.27403618624985243,0.00024915817294976256,0.2804016111142967,0.6598866504812059
Stringer Creek,0.005436835,,,,,,,,,,,Bedrock transition between sandstone-upstream and granite-gneiss downstream,,,,,0.031060262,,,Cl,,0.7,,,,7/26/2006,,,STR 7-26-06 S21,0.28707937381258153,0.00014510229813698478,5.1810887598025825,38.13849312652321,0.290210829932546,0.000152127293984167,4.663011134951266,35.540747226482836,0.29507420290657804,0.00015308323122861447,4.693762993025874,35.660006676374024,0.2951873418009163,0.00016552739956359716,0.3995529468740401,0.6489722119204886,0.2951451673383825,0.0001751769068480157,0.38111909137195255,0.609600227846184,0.2958876460650592,0.00017749172607248618,0.4052443902512354,0.5443959986297393
Stringer Creek,0.021662388,,,,,,,,,,,Bedrock transition between sandstone-upstream and granite-gneiss downstream,,,,,0.220962382,,,Cl,,1,,,,7/26/2006,,,STR 7-26-06 S3,0.3110702628782015,0.0005435187301813956,0.8079518726517442,7.073499661652289,0.3121843884277995,0.0005724927309627301,0.7270868543077779,6.603241811988995,0.316046018730799,0.0005518542676882793,0.8102722189251499,7.087967225569848,0.31540391019973174,0.0006269041209308665,0.18369945197677873,0.5887588672574667,0.3266017678167331,0.000604335161637622,0.21073281196138266,0.6619740105517157,0.323520619063745,0.0006211289149957155,0.1954725869274407,0.6081507785840354
Stringer Creek,0.017839614,,,,,,,,,,,Bedrock transition between sandstone-upstream and granite-gneiss downstream,,,,,0.023013562,,,Cl,,0.5,,,,7/26/2006,,,STR 7-26-06 S4,0.3714877545933223,0.0003141905408368828,5.480927147953923,31.336529173252668,0.39160713956000004,0.00031437554405409527,7.096687056762521,38.29996681794969,0.3947871954,0.0003496167758436804,4.389358150524283,25.118801745591345,0.4173765256921799,0.0003176728941240369,0.7632699294485307,0.6596461520921457,0.41185907412000006,0.0003350434565229149,0.7882433188100219,0.5790591280777986,0.42017989521606675,0.00034972510876876266,0.7267151570645763,0.5709973433830005
Stringer Creek,0.020218228757999997,,,,,,,,,,,Bedrock transition between sandstone-upstream and granite-gneiss downstream,,,,,0.121022368,,,Cl,,1,,,,7/26/2006,,,STR 7-26-06 S5,0.27665890357735756,0.00047506902737490123,1.041993549281092,8.463162013979451,0.28763410981351895,0.0004269231354727899,1.6724920307108069,11.442741462199708,0.2917644679518983,0.00042240508220126944,1.740411989777595,11.658308292703584,0.28824892820217707,0.0005243303379451719,0.23784288817519203,0.6590030985700127,0.2884305949804312,0.0005417095667778193,0.22440230525317612,0.6212005158836198,0.28871280332020627,0.000553373189359003,0.21350032866667257,0.5724949536933114
Stringer Creek,0.014583176,,,,,,,,,,,Bedrock transition between sandstone-upstream and granite-gneiss downstream,,,,,0.02092142,,,Cl,,1,,,,7/26/2006,,,STR 7-26-06 S6,0.3694051604418288,0.00019109212158725566,9.765084606796913,32.14068681783298,0.3802656919999365,0.00019483999753411988,10.243167363199252,33.891022883316765,0.39219737719696973,0.00019055147582090835,10.909355544443041,34.09036708020239,0.39854442711732185,0.0001919738378688176,1.594765065106189,0.5081523482608614,0.3997081460363879,0.00020078466515534714,1.737092281393415,0.46548067429297324,0.40070397519170126,0.00020828571796314556,1.9434094972482,0.4149921080083101
Stringer Creek,0.014696444,,,,,,,,,,,Bedrock transition between sandstone-upstream and granite-gneiss downstream,,,,,0.121022368,,,Cl,,0.5,,,,7/26/2006,,,STR 7-26-06 S7,0.28302971453736514,0.00038040985802378815,0.9549873337500785,6.948119253872427,0.2868751415904579,0.0003790797999582239,1.011575643599854,7.309660233972537,0.2891858105907935,0.0003913662813066062,0.9400533054652425,6.853050930729211,0.2994419112558589,0.0003735000944285695,0.3047546375413566,0.6092967186496057,0.30803832976081175,0.0003759277326399394,0.3157752749167119,0.6537262539471038,0.29712849756494303,0.0004150056082836671,0.2549584499819926,0.5571540468229942
Stringer Creek,0.01778298,,,,,,,,,,,Bedrock transition between sandstone-upstream and granite-gneiss downstream,,,,,0.220962382,,,Cl,,1,,,,7/26/2006,,,STR 7-26-06 S8,0.24070263247888923,0.00040661268657853956,0.5459918273609454,3.7339624445253436,0.24182449329691716,0.0004187609323678605,0.5079820660968227,3.385722139918507,0.24420905754838385,0.0004174536485236136,0.5350957594985986,3.670289118172616,0.24941257963788124,0.00042071315777812663,0.22223804139120923,0.5588832127373491,0.25182236301602495,0.0004302922468659863,0.22077756654030664,0.5698664265833431,0.25543703808324064,0.0004164274360061598,0.23117146393402285,0.5845932111193557
Stringer Creek,0.011100204,,,,,,,,,,,Bedrock transition between sandstone-upstream and granite-gneiss downstream,,,,,0.02092142,,,Cl,,0.5,,,,7/26/2006,,,STR 7-26-06 S9,0.2743282270635995,0.00014323342392487748,12.243529749278661,64.10877625280304,0.2686829299441932,0.00016131290590024023,6.122553526683694,38.34737220421074,0.2775202607184816,0.00016037955505928054,6.7154409286101835,40.682455474822234,0.28344735875828714,0.00017551837981150787,0.5219821860511529,0.7141853181973243,0.2852818542124871,0.00017737442597026958,0.5602763760762561,0.6601272178867048,0.28392581987235993,0.0001856165141543731,0.5041770788048334,0.6115709014970003
Stringer Creek,0.005861587,,,,,,,,,,,Bedrock transition between sandstone-upstream and granite-gneiss downstream,,,,,0.031060262,,,Cl,,0.3,,,,7/27/2006,,,STR 7-27-06 S1-1,0.30909467438198496,0.00014902856224984135,6.636794170203255,45.51138657492852,0.3162301332723873,0.00014638396215915363,7.400578237608388,47.757991074227974,0.3211126640423385,0.00014814435203283643,7.526557117451519,48.76091831893563,0.3184397879878327,0.00017918626034831082,0.3985979137159979,0.686654948198544,0.31864912201013057,0.0001857217353739401,0.38881488251802016,0.6505289088906523,0.31897915232365254,0.00018987519321388393,0.38720329709741025,0.6028982174507709
Stringer Creek,0.006965944,,,,,,,,,,,Bedrock transition between sandstone-upstream and granite-gneiss downstream,,,,,0.031060262,,,Cl,,0.3,,,,7/27/2006,,,STR 7-27-06 S1-2,0.22378673056864304,0.00021801509633936818,0.60356413077727,10.639582897148998,0.23040651349637464,0.00023025876863843312,0.4977185879295685,7.4068650956021935,0.2376354532949671,0.00023230076766462158,0.5423585694687382,8.00956791580384,0.24844459194334073,0.00022273018357774475,0.2118050459133162,0.8319240102460358,0.24845821617151492,0.00022984541497328624,0.1789164530023778,0.791573814486434,0.24822350128283122,0.00022631879107750676,0.17740290376353315,0.6783381869048404
Stringer Creek,0.005974855,,,,,,,,,,,Bedrock transition between sandstone-upstream and granite-gneiss downstream,,,,,0.031060262,,,Cl,,0.3,,,,7/27/2006,,,STR 7-27-06 S1-3,0.3306205314496188,0.0001443348966333614,8.612425340029368,53.244308343906674,0.3396870804623211,0.00013833797851825762,10.224817131795934,57.96546267684635,0.351126216532069,0.000127862041044757,13.242138536994128,66.44868104551534,0.3357275111340269,0.0001859848088870854,0.4077957662027147,0.6862950656197706,0.3364817081439362,0.00019101774250979755,0.4069005798770236,0.6505389138685095,0.3362281205623542,0.00020055369482791682,0.3791760762912975,0.6134511853345355
Stringer Creek,0.005946538,,,,,,,,,,,Bedrock transition between sandstone-upstream and granite-gneiss downstream,,,,,0.124080114,,,Cl,,0.6,,,,7/27/2006,,,STR 7-27-06 S10,0.25831115667279697,0.0001991436984860425,0.9559772714383813,7.904508145181005,0.2599235707041667,0.00020103388196614737,0.955766950868198,7.902801132755673,0.2610720814827945,0.00020678495100849543,0.9036815325855304,7.508674863560546,0.2713566787856842,0.00019191531216377017,0.27556572269123647,0.6135267234343462,0.2726366631195789,0.0001917921137826806,0.27805181851442506,0.6074369756738365,0.267516725784,0.00019894864746910004,0.2822014290317141,0.5031200620236527
Stringer Creek,0.00583327,,,,,,,,,,,Bedrock transition between sandstone-upstream and granite-gneiss downstream,,,,,0.023979166,,,Cl,,0.6,,,,7/27/2006,,,STR 7-27-06 S11,0.2880217961486147,0.00010368925329831975,9.466915957632812,43.936207841234136,0.29557525854851535,0.00010046186769736657,10.71437608995549,47.35558904970234,0.29976785541964934,0.00010094016279019122,10.757062496469109,47.4471374421394,0.3003435842191436,0.0001291204323845326,0.6945426802804858,0.636393452725353,0.3028584614702275,0.00013805384658584314,0.6559222959623789,0.6329569331793827,0.3137223884231738,0.00013213633709160082,0.7051378907813497,0.6463746562574149
Stringer Creek,0.00574832,,,,,,,,,,,Bedrock transition between sandstone-upstream and granite-gneiss downstream,,,,,0.124080114,,,Cl,,0.3,,,,7/27/2006,,,STR 7-27-06 S12,0.2315756765131187,0.00019079832155242412,0.8756665206750023,7.474678841568176,0.23293891570858913,0.0001960144117310683,0.8540648948866673,7.436548778925531,0.2350364078871749,0.00018929545794396944,0.918180239797315,7.759965971171211,0.24384728286096258,0.00018346642126243026,0.26170766048909483,0.6284658809316255,0.2450084603983957,0.000191772953964444,0.2523545302931654,0.6343148903619802,0.24036375024866316,0.00019980580710420875,0.24228488046618787,0.5394459317384344
Stringer Creek,0.006258023,,,,,,,,,,,Bedrock transition between sandstone-upstream and granite-gneiss downstream,,,,,0.21999677799999998,,,Cl,,0.6,,,,7/27/2006,,,STR 7-27-06 S13,0.23011588338980585,0.00021020332632120455,0.6211683520756774,6.151809387953388,0.23068673614004184,0.00021683101335924618,0.5909854485447029,5.935345170445505,0.23144388361895188,0.0002207840818710296,0.5727668245100488,5.807962706776053,0.2375909787594458,0.00022659402880375598,0.17913642165113064,0.6295569590072951,0.23419682192002522,0.0002402201049485958,0.16436666345637396,0.552622247632436,0.23985374998572626,0.00022728750436534404,0.18045849045054085,0.6314172503458506
Stringer Creek,0.005465151,,,,,,,,,,,Bedrock transition between sandstone-upstream and granite-gneiss downstream,,,,,0.023979166,,,Cl,,0.3,,,,7/27/2006,,,STR 7-27-06 S14,0.24258767804195275,0.0001161421554217902,6.026834146997778,40.98787808518419,0.24806339583611428,0.00011849709912627072,6.236450988509277,41.70256192383017,0.25482980243115405,0.00011595293464535349,7.102705525309493,44.870694061496664,0.25575156795245435,0.0001368756288052055,0.4152603938315488,0.7172857015950367,0.2559997264924366,0.00013967607172249462,0.41117376832923797,0.674742412467696,0.2561434207970924,0.00014353347885852366,0.39627977840827794,0.6298383605047116
Stringer Creek,0.00574832,,,,,,,,,,,Bedrock transition between sandstone-upstream and granite-gneiss downstream,,,,,0.120056764,,,Cl,,0.6,,,,7/27/2006,,,STR 7-27-06 S15,0.23468733393661054,0.00018677876092134546,0.9657186458129822,10.423981409441915,0.23607051664062342,0.00018994669702600468,0.9437580468675765,10.24302130818716,0.23745661500172988,0.00019225671808280085,0.9201648310154179,10.068763135453057,0.2462263790899286,0.00020178166753465613,0.20743674678536622,0.7022527285651226,0.24735217461959538,0.00019820427488363335,0.20900511564875235,0.6934460718642458,0.24434970586583743,0.0002045694700711676,0.186950559672827,0.6447660032772751
Stringer Creek,0.005465151,,,,,,,,,,,Bedrock transition between sandstone-upstream and granite-gneiss downstream,,,,,0.019955815999999998,,,Cl,,0.6,,,,7/27/2006,,,STR 7-27-06 S16,0.19027200997625798,6.61036796270732e-05,5.631973842007531,35.05627545130814,0.19379608399032858,6.759982891303947e-05,5.701672878842847,35.2986893836284,0.1973442707030822,6.757203473139172e-05,5.838675405561887,35.763215293017524,0.1979666579065156,7.652223050849633e-05,0.47917774482238773,0.650948028592446,0.19827514512363995,7.953893298774026e-05,0.4759357764833638,0.612388498753479,0.19840739746001296,8.143015206036668e-05,0.4876816549085373,0.5575465801760953
Stringer Creek,0.005804954,,,,,,,,,,,Bedrock transition between sandstone-upstream and granite-gneiss downstream,,,,,0.120056764,,,Cl,,0.3,,,,7/27/2006,,,STR 7-27-06 S17,0.19777621423933808,0.00014747750979121342,0.9808597542604671,10.242160758245019,0.19952977567446137,0.00014534603366872105,1.0489749783159925,10.68203367046197,0.2002653467869672,0.00014912705122946613,0.9844504968648563,10.264172277786692,0.2054180414965081,0.00016219414130064366,0.20136554231117365,0.6846787618374186,0.20737440379647484,0.00016469319782498831,0.2003511964156442,0.6972343900752331,0.20248349804655805,0.00016775026667361292,0.18673211686768576,0.5777782926095216
Stringer Creek,0.006512875,,,,,,,,,,,Bedrock transition between sandstone-upstream and granite-gneiss downstream,,,,,0.207926728,,,Cl,,0.6,,,,7/27/2006,,,STR 7-27-06 S18,0.1982616561373092,0.00020515690605995041,0.48043219551220495,4.981384837537427,0.19861401766252101,0.0002145712223251839,0.4327102056736913,4.538386623225575,0.20172261297301206,0.0001925660051021797,0.6044557267929531,6.03737102095916,0.20175068657425743,0.00022041569964381192,0.15374022363820458,0.5567981998732168,0.20370943110410467,0.00021452558783528937,0.1608539580823155,0.5700316103189984,0.2135031537533404,0.00020096356151543606,0.19916989486967215,0.7048808278299199
Stringer Creek,0.00368119,,,,,,,,,,,Bedrock transition between sandstone-upstream and granite-gneiss downstream,,,,,0.019955815999999998,,,Cl,,0.3,,,,7/27/2006,,,STR 7-27-06 S19,0.2230842700947867,9.856864468221505e-05,8.727423654139338,32.94786343080717,0.23459584269963174,8.943035104053134e-05,11.311449275756154,37.98122682468837,0.25141017953554495,7.644975519971071e-05,17.19814637595337,49.54010040218141,0.23634874020853078,0.00012537517064873093,0.766921630854483,0.6481311564596423,0.23714212529603507,0.00013067052062987997,0.7605245632040021,0.615708198278291,0.2373356121450292,0.00013461395807447393,0.754859693450553,0.5743535068479021
Stringer Creek,0.006512875,,,,,,,,,,,Bedrock transition between sandstone-upstream and granite-gneiss downstream,,,,,0.122953576,,,Cl,,0.4,,,,7/27/2006,,,STR 7-27-06 S2,0.2731559775010526,0.000253346586753713,1.1642444846401048,10.726430991204927,0.27557971137065274,0.00025360035906729904,1.2026276711218433,10.979739848059051,0.2772778833468585,0.00025731641445506846,1.1630380677633123,10.678426796802059,0.28515410997397933,0.0002702599261996891,0.241209536990156,0.6612546574361495,0.28515410997397933,0.00027318171243032274,0.24334105564765435,0.6309608611717163,0.28520655657154564,0.00028849784886764574,0.22868333875180102,0.6196781468079491
Stringer Creek,0.004020992,,,,,,,,,,,Bedrock transition between sandstone-upstream and granite-gneiss downstream,,,,,0.10798671400000001,,,Cl,,0.6,,,,7/27/2006,,,STR 7-27-06 S20,0.20508443262085854,0.0002073115191546254,0.9706413645910141,8.37566750269077,0.2064730906235425,0.00021390712134585066,0.9093230905580341,7.964282323900146,0.20921252021240636,0.0002050289801042489,1.005262316202956,8.31408551048392,0.21095759456473778,0.0002264154828881614,0.22478242749600466,0.6110321631250628,0.21607792452990127,0.00022981118727213734,0.2310909744323619,0.6576033177775218,0.21300572655080321,0.0002355036034007111,0.21347159413744127,0.5796374567282603
Stringer Creek,0.00421921,,,,,,,,,,,Bedrock transition between sandstone-upstream and granite-gneiss downstream,,,,,0.0080467,,,Cl,,0.6,,,,7/27/2006,,,STR 7-27-06 S21,0.1997727386666667,3.0058797904976282e-05,36.11445349058789,67.47186661056196,0.18421578533333333,4.528721697273452e-05,19.941443007772467,48.064439028748126,0.2484189231087338,6.866346278264485e-06,85.83365208869301,104.01697399660307,0.18102060358990027,4.926301246200612e-05,2.270131893342868,0.4725821587408805,0.1811520863760025,5.4753957553736e-05,2.343152775048945,0.43129016552574295,0.180913705227711,6.19697614268646e-05,2.412954325408104,0.3764490606890176
Stringer Creek,0.006994261,,,,,,,,,,,Bedrock transition between sandstone-upstream and granite-gneiss downstream,,,,,0.229009082,,,Cl,,0.7,,,,7/27/2006,,,STR 7-27-06 S3,0.2634268291323285,0.0003359142017746101,0.6278349340281058,4.0867230872402045,0.2648790622728505,0.0003391795261470745,0.6265516620988498,4.079205599853439,0.26559502898652815,0.0003569026015814008,0.5794153616096429,3.7949741017680694,0.2736937809268293,0.000330360488256115,0.26028425461808774,0.5349814799560151,0.2736937809268293,0.00032484330846884547,0.26676535211866165,0.5055450383444435,0.26976516206185086,0.0003487602654282547,0.26950408606794474,0.41034945396863776
Stringer Creek,0.005918221,,,,,,,,,,,Bedrock transition between sandstone-upstream and granite-gneiss downstream,,,,,0.023013562,,,Cl,,0.4,,,,7/27/2006,,,STR 7-27-06 S4,0.32584074469121815,0.00010951005274258261,14.088959147265012,45.36365594447223,0.3254467373034973,0.00012062355335596401,12.205847158173261,41.17532138887968,0.34660510587252125,9.801251891086569e-05,19.00671152425649,56.43438489003855,0.3278738172517509,0.00015608347677750303,1.0388054815732504,0.5658492635681335,0.3281642314382395,0.00016528604996791788,1.0530363122712358,0.5332738610024486,0.3284510945312973,0.00017357769267156755,1.0790332070295865,0.49336242774863726
Stringer Creek,0.006456241,,,,,,,,,,,Bedrock transition between sandstone-upstream and granite-gneiss downstream,,,,,0.12906906799999998,,,Cl,,0.7,,,,7/27/2006,,,STR 7-27-06 S5,0.27303392141070276,0.0002719668623174913,1.2776211216237947,8.86318756429671,0.27293507291930724,0.00029408494052518704,1.064004085933784,7.6171302748126,0.2775325025466651,0.00027447098761335104,1.3024610240391825,9.00879240962434,0.285433206473243,0.00029844538645334203,0.2981004391505556,0.6228024463282784,0.2840740007281324,0.00031458666463257256,0.2826814543959381,0.5947068433794649,0.2827147949830217,0.0003107733420601533,0.28969894886474956,0.5383858919121155
Stringer Creek,0.006342974,,,,,,,,,,,Bedrock transition between sandstone-upstream and granite-gneiss downstream,,,,,0.028968119999999997,,,Cl,,0.7,,,,7/27/2006,,,STR 7-27-06 S6,0.2782567281165453,0.00017442105787903212,6.879467956160855,34.7934865353073,0.3105406578980228,0.00014148237541938765,16.764432769210185,59.47024142065773,0.28515128696474396,0.00019613526890117743,5.210819029379132,29.188431999236848,0.2997793479708636,0.00021070772131197556,0.5831926374830153,0.7024861862192392,0.3016990652688904,0.00021792376606665,0.5697822883948532,0.6797002567546164,0.30196848056173176,0.00021562555172941045,0.5828457644934151,0.634744247435665
Stringer Creek,0.005918221,,,,,,,,,,,Bedrock transition between sandstone-upstream and granite-gneiss downstream,,,,,0.125045718,,,Cl,,0.4,,,,7/27/2006,,,STR 7-27-06 S7,0.26729454264123376,0.00022008187238153597,0.985343128308719,6.587960980876287,0.26882685196047484,0.00022519799309219597,0.9621222339466362,6.437631652223882,0.27111646096398767,0.00021930371698132382,1.0168046275200404,6.7944039515132175,0.2816197063296126,0.00020859618527711648,0.309592160545118,0.5941252703552513,0.284301798770847,0.00020249082555708078,0.33136721950162856,0.584302944857996,0.28296075255022973,0.00020592585129479695,0.3320690843609243,0.548250529806396
Stringer Creek,0.005663369,,,,,,,,,,,Bedrock transition between sandstone-upstream and granite-gneiss downstream,,,,,0.22402012799999999,,,Cl,,0.6,,,,7/27/2006,,,STR 7-27-06 S8,0.25877379655778227,0.00027720903033042615,0.5750579134575731,3.2322968140632278,0.2599806183567223,0.00027955053623265636,0.5733066277792972,3.215043357163295,0.2612673253200028,0.000279383324283336,0.5775890774151256,3.248575616914852,0.2871660325694085,0.00018866556024171646,0.3372557537264332,0.6549648268896787,0.28587249188215885,0.00019684411434933054,0.3274084778027393,0.6436714870527047,0.26646938157341504,0.0002678688605033066,0.2929383100240226,0.3988634037220721
Stringer Creek,0.005889904,,,,,,,,,,,Bedrock transition between sandstone-upstream and granite-gneiss downstream,,,,,0.024944769999999998,,,Cl,,0.4,,,,7/27/2006,,,STR 7-27-06 S9,0.23156664575563132,9.67843637702575e-05,4.078264476969193,26.319155436917825,0.23535271000212288,9.962240476660297e-05,4.025803698699549,26.041673457185443,0.23968933730972455,9.908545779739158e-05,4.197706143151952,26.869803919626698,0.24604909411467155,0.00010032658404319613,0.5426459947004737,0.6221810757010033,0.24628028128437554,0.00010384665526700523,0.5505904111354042,0.5850229193227472,0.24635851274648227,0.00010783643011935004,0.5577303386536382,0.5404323937410294
Stringer Creek,0.00359624,,,,,,,,,,,Bedrock transition between sandstone-upstream and granite-gneiss downstream,,,,,0.014001257999999999,,,Cl,,0.1,,,,7/28/2006,,,STR 7-28-06 S1-1,0.11410705036380983,7.037138329744674e-06,10.749847280815615,54.381040146003265,0.11382484454562865,7.637175356432976e-06,9.848383867680756,51.7730831020217,0.11541241946037122,6.8867175642505145e-06,11.117711339314585,55.43163585251189,0.11218618045283019,1.2967882654607393e-05,0.4698124375907263,0.6247647581210108,0.11326489372641507,1.2308458843827044e-05,0.5471426690427135,0.5919124547725103,0.11150922180117988,1.3419254703194636e-05,0.5149628982577452,0.5461309702273783
Stringer Creek,0.00359624,,,,,,,,,,,Bedrock transition between sandstone-upstream and granite-gneiss downstream,,,,,0.014001257999999999,,,Cl,,0.1,,,,7/28/2006,,,STR 7-28-06 S1-2,0.12139730288223821,7.64324889623126e-06,9.661060375060401,55.868095732994774,0.12255060688808303,7.258740862323437e-06,10.375115276335489,58.28550836312362,0.12374435714153292,6.7825828903980585e-06,11.243576837398418,61.10742232086796,0.1240437073367609,1.18099882866595e-05,0.5044201649944623,0.6551314145501825,0.12404370733676101,1.1005639491138046e-05,0.562987820139397,0.6172206695816862,0.12345582246786631,1.127166202760387e-05,0.5722624491608931,0.5891962766435185
Stringer Creek,0.004247527,,,,,,,,,,,Bedrock transition between sandstone-upstream and granite-gneiss downstream,,,,,0.014001257999999999,,,Cl,,0.1,,,,7/28/2006,,,STR 7-28-06 S1-3,0.10128749281342286,1.1970500840049117e-05,3.277010375234004,25.155914552054536,0.10215661752240003,1.2113877214796401e-05,3.2831552499672565,25.194654538334984,0.10301742309966756,1.2156372428739361e-05,3.289291650662915,25.232652764207767,0.10685942377702654,1.1534205275566268e-05,0.47643469732818894,0.6102764219900706,0.10678840133259922,1.2163720327495462e-05,0.46334821036233687,0.5942430282708927,0.10714836865200911,1.210945079671244e-05,0.47926098013288615,0.5747148160512091
Stringer Creek,0.002038813,,,,,,,,,,,"Bedrock transition between sandstone-upstream and granite-gneiss downstream
",,,,,0.09977908,,,Cl,,0.4,,,,7/28/2006,,,STR 7-28-06 S10,0.16749288124322362,0.00025105565359752796,0.9588182422559124,4.879225113271408,0.16960155859154546,0.00026137671433469747,0.9201293913180542,4.730018464124572,0.17686058841043484,0.0002281290063526272,1.375907665346153,6.477150233371376,0.18281262744347826,0.0002584087430684995,0.3818551780337642,0.636339552451952,0.17410867886796902,0.00028836342257695263,0.3168595186637423,0.513570711917066,0.18791437518608697,0.00027161398793564635,0.3751205347800319,0.6406928303370759
Stringer Creek,0.003652873,,,,,,,,,,,Bedrock transition between sandstone-upstream and granite-gneiss downstream,,,,,0.113941272,,,Cl,,0.2,,,,7/28/2006,,,STR 7-28-06 S2,0.15411233759685986,0.00012631134327015705,0.6815427681567885,6.276117749581008,0.15550406792824698,0.0001261188113261616,0.7145747182284082,6.55792706979876,0.15675217905112554,0.00012488711271960105,0.7346330029229058,6.640632355999796,0.16231787349643445,0.0001312726697146841,0.21242152745307308,0.6778865331055959,0.1577239714163467,0.00013887083528320472,0.18317586309079292,0.5557007273630652,0.1577239714163467,0.00014720608121470907,0.1690545730539715,0.5315680905559268
Stringer Creek,0.003709507,,,,,,,,,,,Bedrock transition between sandstone-upstream and granite-gneiss downstream,,,,,0.21195007800000001,,,Cl,,0.4,,,,7/28/2006,,,STR 7-28-06 S3,0.13511318859054314,0.00018040484421080928,0.28274582231606815,2.2636879051783474,0.13592545973936346,0.00018258481548661377,0.2801342844176785,2.2356031760234045,0.13707547005828996,0.00017970542732312806,0.29909289931240507,2.430044782425852,0.14239728744180907,0.00016007547264684438,0.18635353137995653,0.5923204933602165,0.13782656370214166,0.00019032472725653526,0.15193222407298457,0.43802443039749395,0.14037268145922416,0.00017632112349514278,0.16374672539554042,0.49714048059974514
Stringer Creek,0.002916635,,,,,,,,,,,"Bedrock transition between sandstone-upstream and granite-gneiss downstream
",,,,,0.014484059999999998,,,Cl,,0.2,,,,7/28/2006,,,STR 7-28-06 S4,0.15995184641715474,6.218266417656151e-05,4.80336181738956,34.34862878691159,0.16029947056216637,7.047929521645981e-05,2.7510396679830755,21.896842935444962,0.16505764020037295,7.120829631541539e-05,2.808685184310673,22.199077068697445,0.17262979377133292,6.921037218558064e-05,0.44179318624408337,0.7185561706999742,0.17275715006053052,7.169253128159508e-05,0.4276177998477904,0.671762003978186,0.17301045298545215,7.28154907114706e-05,0.42990114265282164,0.6071228730910302
Stringer Creek,0.002888318,,,,,,,,,,,"Bedrock transition between sandstone-upstream and granite-gneiss downstream
",,,,,0.11265380000000001,,,Cl,,0.4,,,,7/28/2006,,,STR 7-28-06 S5,0.13554537288256233,0.00011822220814711206,1.1143186566281438,8.438861093066716,0.13631450909746817,0.00012153256694496709,1.0887085171971902,8.402978939819109,0.13515168569463382,0.00013453567020772577,0.781409287616732,6.94222721371166,0.1368549900118624,0.00014962366038766403,0.19383078449781688,0.6645537932060241,0.1381646071411625,0.00015088945740912807,0.1948183841998407,0.6616474013303437,0.13620018144721235,0.0001602139811579881,0.159668004101515,0.6079686264787358
Stringer Creek,0.0026901,,,,,,,,,,,"Bedrock transition between sandstone-upstream and granite-gneiss downstream
",,,,,0.01126538,,,Cl,,0.4,,,,7/28/2006,,,STR 7-28-06 S6,0.17005272809677419,6.90443542920324e-05,12.834480634210044,43.98367650477306,0.19498192383870966,5.669357790149957e-05,25.44771178129693,61.062566030116976,0.16647068702125895,9.931444202340256e-05,3.476331962839831,16.025147724050008,0.16958030893548387,8.065535273034036e-05,1.07239081209486,0.5428682536956766,0.17699365577419357,7.409817364354912e-05,1.2993779180794414,0.50864810021152,0.18398404522699519,8.894108002599924e-05,0.9438951752396919,0.5720767962129525
Stringer Creek,0.002633467,,,,,,,,,,,"Bedrock transition between sandstone-upstream and granite-gneiss downstream
",,,,,0.10943512000000001,,,Cl,,0.2,,,,7/28/2006,,,STR 7-28-06 S7,0.17275639753322755,0.00014897574365539,1.106029666758358,8.305817632266256,0.17185295447584378,0.00016538846600602894,0.8359106400103353,6.7381555805919495,0.17451697345775224,0.00015711247671343988,0.9806494261448809,7.604930778234514,0.17761094515372428,0.00017938149266463578,0.22587443483049024,0.6481091352494035,0.17846075828843105,0.00018066482103633335,0.22442218611617776,0.6323307927299668,0.17676113201901747,0.00019270113389480695,0.19608160976570801,0.5920419434074369
Stringer Creek,0.002803368,,,,,,,,,,,"Bedrock transition between sandstone-upstream and granite-gneiss downstream
",,,,,0.19955815999999998,,,Cl,,0.4,,,,7/28/2006,,,STR 7-28-06 S8,0.1619529790954774,0.00026308668425787323,0.4127962089389222,3.0077855717703623,0.16280536319597988,0.00027130405415238184,0.3836791353656048,2.744648929649244,0.16572968636248286,0.00025276628247544714,0.4804528168785928,3.4182955194105147,0.16870519824455613,0.00027269145261462404,0.19554619327688713,0.5883683692943558,0.16952415551758795,0.0002786155119649966,0.19189681398992986,0.5794921201805372,0.17198102733668338,0.00027298074346252714,0.200195107760483,0.5948280229227227
Stringer Creek,0.001982179,,,,,,,,,,,"Bedrock transition between sandstone-upstream and granite-gneiss downstream
",,,,,0.00965604,,,Cl,,0.2,,,,7/28/2006,,,STR 7-28-06 S9,0.3507806255172413,9.575576256558181e-05,64.5212649541449,94.59005751468369,0.4924580400000001,4.079507625387906e-06,180.58610857090343,140.90859509415614,0.47208046593103453,8.18280733193577e-06,158.70254506250555,131.80485443182937,0.32434305393103446,0.00010515450413740675,4.07099520061285,0.47667386511110343,0.3475175499310344,0.00014581414459263823,2.79162159000449,0.5698094524416968,0.32264492275862067,0.0001261676650503615,4.168679865891211,0.41828934428352427
Tangipahoa River,5.776636788,0.222504,0.0871728,,,,,0.756,23.1648,1.09728,25.418271744000005,,,,,,8.207633999999999,,,Rhodamine WT,,,,,,4/24/1969,,,TAN 4-24-69 S1 !,0.867483204889871,0.007319168135360466,0.2457697773023711,2.5576236589135295,0.9457938778172827,0.0015420371813451665,0.7981584357015531,4.209837540084588,0.857843981822418,0.009425195221536842,0.1832025616087755,2.243853012472911,0.8673721771592807,0.015785346796892502,0.07998624229203571,0.8083158569314303,0.8663762526942486,0.0164708429514634,0.07628420750425367,0.8106782182296373,0.8862826747737845,0.014612427008741585,0.09944166619338698,0.8217913723867654
Tangipahoa River,9.854262755999999,0.408432,0.0728472,,,,,0.71,31.6992,0.762,24.154790400000003,,,,,,18.024607999999997,,,Rhodamine WT,,,,,,4/24/1969,,,TAN 4-24-69 S2,0.8385887413909461,0.021414244997734536,0.02706218550038718,0.6004866073577221,0.8374854399410782,0.022451468041661773,0.022880930319141835,0.5469837349612162,0.8405376862025224,0.021454639876171647,0.026270414176734293,0.5843124589126992,0.8749899241674416,0.022890692642499478,0.06138579830285954,0.801084782826066,0.8688512831168009,0.022522976831654454,0.05285616100245476,0.7704741906600963,0.8664339567704428,0.023317283479086102,0.048551134312174865,0.7630581985535887
Tangipahoa River,12.40277899,0.530352,0.065532,,,,,0.569,29.8704,0.7924800000000001,23.67169459,,,,,,55.361295999999996,,,Rhodamine WT,,,,,,4/24/1969,,,TAN 4-24-69 S4 !,1.231660126961064,0.041911343421767965,0.01660962149867485,0.44558908059072144,1.2326033832605308,0.04223742093350634,0.016809509332362534,0.44995165640632667,1.2312813760604366,0.04491127382053553,0.014858300433867863,0.4065340347257083,1.2540195527232314,0.046075099860027585,0.0311620919109484,0.7194703865973973,1.265390354199743,0.04717570431226397,0.039256487121321064,0.7723479386896912,1.2675549831369504,0.04798547348465318,0.04031153073003662,0.7802154155584119
Tangipahoa River,14.44159197,0.262128,0.052425599999999996,,,,,0.379,42.976800000000004,1.2801600000000002,55.017180288000006,,,,,,70.971894,,,Rhodamine WT,,,,,,4/24/1969,,,TAN 4-24-69 S5,1.2541949686151703,0.043252726208954415,0.017157333113116333,0.4330043981563886,1.2569512503737692,0.042751948989047224,0.019180156293649615,0.47604491223855516,1.2520644593229178,0.04735755304233389,0.014630790525461557,0.3994842112158557,1.3041663189269188,0.051434038897068976,0.05377243355332898,0.824242323456325,1.3020850480136774,0.05192152438798919,0.05147782745122402,0.8200201169660015,1.3057781039546876,0.04939973989190779,0.053737206482551696,0.8186443188647421
Tangipahoa River,17.83961361,,,,,,,0.265,,,,,,,,,82.07634,,,Rhodamine WT,,,,,,4/24/1969,,,TAN 4-24-69 S6,1.2492955134024224,0.04562695006404165,0.009561992530267887,0.2592371116701022,1.249495573286868,0.04541910241771557,0.009265942905331078,0.25423178721652645,1.2493394344442457,0.0469447521329931,0.008913800148589982,0.24888785305197195,1.3084374182688854,0.04152539425684408,0.05199665558630695,0.8104525056344337,1.3010647853882786,0.041351777488656045,0.0460288910262845,0.79607734732418,1.2948158060055641,0.03823349447091143,0.04082034596403248,0.7646124270265229
Tangipahoa River,18.68911902,,,,,,,0.19,,,,,,,,,93.985456,,,Rhodamine WT,,,,,,4/24/1969,,,TAN 4-24-69 S7,1.236714402652672,0.03893179222006079,0.016799533720675552,0.5072028097841296,1.2318067208004235,0.04231353693812542,0.012346577984859481,0.41972533058673456,1.2338608663564603,0.04020436934876564,0.013735773667448749,0.45303077654038443,1.2586806090490266,0.05211561650975497,0.03319330935333618,0.8200680233656205,1.2602545966808494,0.05400363676344296,0.034018877525831534,0.8212674326441439,1.2649031210324495,0.048820116421000266,0.036862725091036906,0.8202703847795125
Tangipahoa River,3.454655334,0.402336,0.060045600000000005,,,,,0.756,17.0688,0.48768000000000006,8.324112384000001,,,,,,8.207633999999999,,,Rhodamine WT,,,,,,9/15/1969,,,TAN 9-15-69 S1,0.6307268495412099,0.002603478194418882,0.19055228939502375,1.1973208533828494,0.6306959109438784,0.002826050406504509,0.18974260191477835,1.212126012828026,0.6223220656648595,0.00444629595692548,0.1480501109579222,1.0251601468712122,0.6699517505300352,0.011131561036154753,0.1686092675442601,0.800339033821568,0.7250560070671378,0.006580932872638502,0.25843202361123857,0.8226076068602044,0.6467499583038868,0.012019645043707049,0.12540218261290406,0.7601556053231434
Tangipahoa River,4.643962908,,,,,,,0.71,,,,,,,,,18.024607999999997,,,Rhodamine WT,,,,,,9/15/1969,,,TAN 9-15-69 S2,0.6462244285535581,0.005863888187796893,0.13117696280101915,1.2169817864167307,0.6197244191306808,0.012383398732461118,0.05017790999699596,0.7801819682338974,0.6169866449565137,0.013231601097939331,0.04061186495303736,0.6845305382946654,0.6322887924159621,0.018710723546257704,0.059633853197292586,0.8092632610499417,0.6331623663857388,0.018705639395104483,0.05935264208805326,0.8079692548330303,0.6327759599855096,0.0189428449901195,0.057146481162459406,0.805083656853925
Tangipahoa River,6.937627515,,,,,,,0.687,,,,,,,,,41.520972,,,Rhodamine WT,,,,,,9/15/1969,,,TAN 9-15-69 S3,0.9099390648808044,0.02851797028287404,0.03604747176973926,0.5639193242605017,0.9062389887253471,0.03187723229977358,0.030972454995788178,0.530008926641964,0.9148917653405971,0.027446629093840342,0.040565144788056604,0.595966942990674,0.9194881009478196,0.04936892165498136,0.04615116544840917,0.7961433750409893,0.9286073483960754,0.046671717430033725,0.05412529243490226,0.8079783500603795,0.9230606925066753,0.04825507405478622,0.047235105542334996,0.7940977938464386
Tangipahoa River,8.098618242,0.344424,0.051816,,,,,0.663,29.8704,0.39624000000000004,11.8358473,,,,,,55.361295999999996,,,Rhodamine WT,,,,,,9/15/1969,,,TAN 9-15-69 S4,0.9492014068207685,0.04305672208792592,0.013890104549799442,0.30766037862896994,0.9496433195882402,0.04265513936716022,0.013597903151004958,0.2944049373178727,0.9538923374523426,0.039114209080986354,0.01648426801448454,0.33683310077711265,0.9769363868517166,0.0479988217496166,0.041341196858935975,0.7614598030945892,0.9775091138355979,0.05021898917648908,0.04131177603685653,0.7692423044378917,0.9766210621067862,0.046450595355935084,0.039126373270589314,0.744971549159844
Tangipahoa River,8.608321488,0.438912,0.0545592,,,,,0.569,40.2336,0.45720000000000005,18.394801920000003,,,,,,70.971894,,,Rhodamine WT,,,,,,9/15/1969,,,TAN 9-15-69 S5,0.9842670178807456,0.03525690835129066,0.017337822738469653,0.4519385474209093,0.9838831529801523,0.0370510608773609,0.016607493052004124,0.44218179577097444,0.9807354294823902,0.040734645140791864,0.013284827851938186,0.39345890475502443,0.9988633550235464,0.05218288240334482,0.03362697357553653,0.8169537480005811,0.9855110564553535,0.052557108979463835,0.0202352217718283,0.7380116710402284,0.9943653190743155,0.05033628489090639,0.0275288398580452,0.7739548701557497
Tangipahoa River,9.033074193,0.362712,0.050596800000000004,,,,,0.379,31.6992,0.762,24.154790400000003,,,,,,82.07634,,,Rhodamine WT,,,,,,9/15/1969,,,TAN 9-15-69 S6,1.0058716509313788,0.034105873103131554,0.017212967629602345,0.4457396177224753,0.9997721790812657,0.03811074503603158,0.011557210363209511,0.34470947177570427,1.0006054323483586,0.039213243222288655,0.011939740281609428,0.35968402670276167,1.0180109040364227,0.049537867114742354,0.030915908604808234,0.7985357881612776,1.0386086835414314,0.04540172138591952,0.04926731275414659,0.8425356700275375,1.0237692749342548,0.04730904111569242,0.03490755534286845,0.8072634595463697
Tangipahoa River,10.8453524,,,,,,,0.265,,,,,,,,,93.985456,,,Rhodamine WT,,,,,,9/15/1969,,,TAN 9-15-69 S7,0.9864117157983078,0.038311920838845305,0.012606935636251704,0.4842669336335209,0.9784181925522948,0.047190531450635974,0.005699795190882271,0.3127452208103946,0.9834681458966475,0.041252356234894975,0.009071241606794808,0.3947110483859533,0.9872574209118118,0.05086545275274937,0.015420535591071202,0.7749265467357389,1.0136442806075343,0.04879095549711002,0.039946735031038724,0.8750849949001234,0.9876512985038854,0.05205742853481918,0.014593058373899327,0.7524028113520802
Tickfau River,2.0388129839999998,0.39319200000000004,0.082296,,,,,1.6,12.192,0.432816,5.276892672,,,,,,6.43736,,,Rhodamine WT,,,,,,10/8/1968,,,TIC 10-8-68 S1,0.6478476925903035,0.006548158185250469,0.48894003794690066,3.577877796698934,0.6762890697936528,0.004760522062051216,0.7575699260188421,4.098821804233737,0.6555895891921137,0.005798749318839149,0.5285616834125787,3.576733964387582,0.6173109672418132,0.013303699591174051,0.07399639020020278,0.8824585539444092,0.6206389219570058,0.013558143015833515,0.0762850244752575,0.8825254707038087,0.6025704705358383,0.013927265130062072,0.04138668778125197,0.837758605662263
Tickfau River,2.237030913,0.146304,0.0865632,,,,,0.95,19.2024,0.795528,15.27604687,,,,,,22.53076,,,Rhodamine WT,,,,,,10/8/1968,,,TIC 10-8-68 S2,0.4206889273164151,0.008603592202340984,0.01221181814521372,0.3859717094144138,0.42043527519475216,0.009129033101195736,0.010812708286321486,0.3564989577724409,0.4208068736965494,0.008815054586984077,0.01086438443209963,0.3606078002094902,0.42773081393782497,0.009611517377462684,0.027865350060030235,0.7598173196131566,0.4305538916996463,0.009782755058239407,0.03330733998377881,0.7959761576591382,0.42911658577267603,0.009867828159314373,0.02915357707327612,0.7762755174498717
Tickfau River,1.868911902,0.256032,0.0707136,,,,,0.95,13.411200000000001,0.536448,7.1944114176000005,,,,,,38.62416,,,Rhodamine WT,,,,,,10/8/1968,,,TIC 10-8-68 S3,0.44413892382725456,0.0099920281224196,0.005154847642171295,0.20982483312483433,0.4594250195155411,0.004835015410225761,0.0361735184866054,0.6810376333904763,0.4462658885941879,0.00927408383998599,0.007408463737363002,0.2753823197520983,0.4593419637707778,0.009713797044073302,0.03633735383335877,0.8292625314129715,0.4591339191402086,0.010438983931255044,0.03549225454281075,0.8325109920196165,0.45810005902412404,0.009386491864965867,0.03219477577098636,0.8045640259428107
Tickfau River,2.916635241,0.067056,0.0451104,,,,,0.2,41.4528,1.039368,43.084713830400005,,,,,,49.88954,,,Rhodamine WT,,,,,,10/8/1968,,,TIC 10-8-68 S4,0.4769261752311738,0.009913153305448895,0.0072212440832813245,0.27303563108318313,0.48332052282205407,0.006819111295756989,0.017436883458640882,0.47033816040671045,0.47876390149103376,0.009115640262423902,0.009406369773864635,0.33179828936031314,0.4884727913691598,0.011538934258027326,0.030880921425641264,0.8213007901083762,0.4885620134475316,0.01213308740440803,0.03096966410172917,0.8285448585010988,0.4889274136940412,0.011339484852113071,0.03097652013396323,0.8235442896113718
"tundra streams, on north slope of Brooks Range, near Toolik Field Station",0.257003703,,,,,,,,,,,peat stream,,,,,0.2494477,,,Rhodamine WT,,0.04,,,,8/16/2004,,,TUN 8-16-04 S1,0.3893588731423896,0.0015380052767476151,1.5787847363310292,6.760038605973869,0.403616296809088,0.0014637490800504635,1.8950620413540527,7.402431470045097,0.42492593316312177,0.0011792784630447603,2.6177428052450824,8.476076345263694,0.4081809792597898,0.0021796523641477287,0.3401059035380869,0.7157296259950097,0.40841809453387823,0.0023336846611207557,0.30133224275527176,0.7124297548912952,0.4120990317184943,0.0023848491691919878,0.2814071372789884,0.7027441745212233
"tundra streams, on north slope of Brooks Range, near Toolik Field Station",0.343993057,,,,,,,,,,,"cobbles and gravel
",,,,,0.40072566,,,Rhodamine WT,,0.02,,,,8/18/2004,,,TUN 8-18-04 S1,1.1955640978716948,0.0023046172329675334,3.2727833780992874,20.93090369723003,1.2009313613979675,0.002330098662135779,3.25560605439986,20.868132322402854,1.209752243094365,0.0022690595328457427,3.3913915329792474,21.339758093882967,1.187266257767442,0.0035930783504056294,0.2778618260452289,0.6281463454406923,1.2100983011860464,0.0035597408117722875,0.2840685795435098,0.6562627609229954,1.192974268622093,0.003547051509722166,0.29439815076147874,0.5706336258202453
Wind/Bighorn River,54.93468318,0.749808,0.20360640000000002,,,,,3.3,55.473600000000005,1.2801600000000002,71.01508378,,,,,,9.173238,,,Rhodamine WT,,,,,,3/21/1971,,,WIN 3-21-71 S1,3.512476517969317,0.09248088740120163,0.7895684689931722,6.759119004069898,3.378040507932572,0.12767902711865134,0.3334778446055499,4.700424575137236,3.456761608100928,0.11087873478473599,0.5328134590249279,5.809715757366,3.3694163200318217,0.17053591292292955,0.0672818715975069,0.7832824573575649,3.3874785722062555,0.16824934226217986,0.06830787388378819,0.7707947750137013,3.388753401618069,0.16977292698032354,0.06280455194703216,0.7546550454794203
Wind/Bighorn River,54.93468318,,,,,,,2.7,,,,,,,,,32.669602,,,Rhodamine WT,,,,,,3/21/1971,,,WIN 3-21-71 S2,3.643314015039999,0.1299206338320534,0.42930411550217185,6.227351961416702,3.9406086554276922,0.025423554918024612,1.1454187806944625,7.196478744177471,4.075126710086819,0.0161671730476241,1.7026834508788613,8.653821339922077,3.5396816459381784,0.18891491798327373,0.0372446716169828,0.8287538816465277,3.529569567196126,0.19120328463152414,0.03255990486424009,0.8108271428302887,3.5440134149671745,0.1900897262001691,0.03511762951027887,0.8209253221761241
Wind/Bighorn River,56.633694,1.05156,0.089916,,,,,1,77.724,0.8229600000000001,63.963743040000004,,,,,,50.372342,,,Rhodamine WT,,,,,,3/21/1971,,,WIN 3-21-71 S3 !,3.157026954695903,0.06691560253256945,0.2611496365593771,4.0034850378106785,3.2874954382066854,0.027262586261807244,0.565046619637777,5.167375266316267,3.1581528109529584,0.06392807540314936,0.25218454167205334,3.8682967691598895,3.0673698092001946,0.1535305867292235,0.029871016216334364,0.8581790624291747,3.1005810869522645,0.1499225639546389,0.03991289899087116,0.8854181005297909,3.063836177919551,0.15303154041088365,0.026516228075381447,0.8475561299951839
Wind/Bighorn River,56.633694,,,,,,,1,,,,,,,,,75.317112,,,Rhodamine WT,,,,,,3/21/1971,,,WIN 3-21-71 S4,3.1342185272824077,0.06647800931455194,0.17882723843934198,3.2425162506432477,3.3295030346621712,0.030260910185495492,0.6746281075994245,5.680471603181078,3.1908326641394265,0.041428414147195114,0.27363627911623845,3.689086066399762,3.0587407037951464,0.15375711867833058,0.024649371865039856,0.8684273641353106,3.054366815148409,0.1527640052230604,0.02243821416184064,0.8500405212642883,3.0178625590034014,0.1623407592339866,0.00971408585915908,0.7328307935073687
Wind/Bighorn River,56.633694,0.9906,0.14203680000000002,,,,,1.5,44.196000000000005,1.3716000000000002,60.6192336,,,,,,99.940014,,,Rhodamine WT,,,,,,3/21/1971,,,WIN 3-21-71 S5,3.318813634780428,0.04120786491706602,0.42467958875008777,4.644139004219083,3.3231687151045652,0.032298217786026824,0.41010930068672125,4.379971329745736,3.22050368158406,0.058952055079428405,0.20064689445111733,3.3269020431168728,3.144914573547716,0.1566395392811614,0.03084151484338341,0.8789742283538359,3.112393165313441,0.15951355500273706,0.01978892606687509,0.8437535293986789,3.1075088571884897,0.16676276814847407,0.017659904540189782,0.8436582970741444
Wind/Bighorn River,56.633694,,,,,,,1.2,,,,,,,,,141.943788,,,Rhodamine WT,,,,,,3/21/1971,,,WIN 3-21-71 S6,3.2132051962265016,0.10327234757727637,0.023952155359356173,1.0984697618292314,3.211097970309391,0.11022314194093974,0.021681934641919334,1.0311963132932438,3.2021427193873966,0.12146675068972775,0.015287099854414888,0.7893134979607391,3.2610594929381587,0.13197579312362426,0.028307800831211937,0.8175331793384055,3.270712063522711,0.12832591567011872,0.030837802857021063,0.8371754526613371,3.2306752928907962,0.13971113850982908,0.018459038829756427,0.7533598512232718
Wind/Bighorn River,68.80993821,,,,,,,0.7,,,,,,,,,181.37261800000002,,,Rhodamine WT,,,,,,3/21/1971,,,WIN 3-21-71 S7,3.253057189894469,0.12179825561463169,0.01756438999441803,0.989409102806993,3.2600075198075276,0.11507638476397263,0.021527750647925198,1.0813092388093977,3.2623398679286795,0.1070590526350814,0.023024765862867103,1.122343106520804,3.2824575786604,0.15358654911039027,0.01983370322563245,0.8223509457831549,3.2596422223792754,0.15503779166105022,0.012816349274595963,0.7407230453564488,3.2912085033769842,0.15046860366002024,0.022078457219017505,0.8364722725746134
Wind/Bighorn River,233.0476508,1.5849600000000001,0.28102560000000004,,,,,3.3,60.3504,2.4384,147.15841536000002,,,,,,9.173238,,,Rhodamine WT,,,,,,6/29/1971,,,WIN 6-29-71 S1,6.809220634354162,0.09442220080395627,1.7173214982504847,12.182472742846356,6.793811817610874,0.10363725350840414,1.635549581121515,12.066348580207332,6.733807507753811,0.11903235260926806,1.3800559424964038,11.14570999564171,6.754055721182608,0.2526840321095806,0.1434662695654041,0.8102922874365073,6.658767494512285,0.250539843192514,0.12530648601059832,0.7704975769648209,6.639167427844606,0.2542122787132903,0.11651266336334129,0.7578574073258222
Wind/Bighorn River,235.0298301,,,,,,,2.7,,,,,,,,,32.669602,,,Rhodamine WT,,,,,,6/29/1971,,,WIN 6-29-71 S2,6.788049013082416,0.3133335377759895,0.11319876617551759,2.578317111725047,6.7979876858344435,0.3147346310372944,0.11356315439143871,2.597558032323421,6.808142165651186,0.31122215531770403,0.11415178425871851,2.5624992930085693,7.124572953716987,0.3351607894347567,0.0884659479537422,0.8092244318340085,7.1003710265369815,0.32026121149290643,0.08452227048627403,0.7877228913353798,7.125659037251281,0.3127506148117361,0.08706724043963955,0.79114909073218
Wind/Bighorn River,2350.298301,1.7373600000000002,,,,,,1,85.34400000000001,2.37744,202.9002394,,,,,,50.372342,,,Rhodamine WT,,,,,,6/29/1971,,,WIN 6-29-71 S3,5.994727592671498,0.14955486913919944,0.231209626398292,3.8404602647961767,6.024130255334727,0.1291341435526594,0.258330534630366,3.9011270601025525,6.0437227032216265,0.126722376383631,0.28491345560231635,4.18772802479873,6.179867456859349,0.3037640140694861,0.08614157487349769,0.8569261863265916,6.205661476912112,0.2881249586338746,0.08843862959825073,0.8585463985358357,6.041892326825376,0.3028736716932839,0.06027582217528597,0.797740737874475
Wind/Bighorn River,223.70309129999998,,,,,,,1,,,,,,,,,75.317112,,,Rhodamine WT,,,,,,6/29/1971,,,WIN 6-29-71 S4,5.759746190519116,0.2264054975856583,0.2066398161422596,3.5024170308991303,5.817424901375248,0.14504447159672917,0.24701050354021784,3.436872041530041,5.812369018629789,0.1655518478279392,0.24506936004313354,3.5234301658605136,5.670147457595611,0.4374469798834508,0.03657776248944437,0.7953897693995733,5.653131592635309,0.46607519487881216,0.03176855810249728,0.8039442983387475,5.642968270390843,0.46999816132858396,0.028824791678677335,0.7877548020666874
Wind/Bighorn River,215.2080372,,,,,,,1.5,,,,,,,,,99.940014,,,Rhodamine WT,,,,,,6/29/1971,,,WIN 6-29-71 S5,5.629891507324435,0.26684376803537846,0.0744224455059808,1.8713677228668404,5.640134004215116,0.2687391370644642,0.07694255967653259,1.8878200278033292,5.64105627170177,0.25272981629961894,0.07746939940568218,1.8312284338025424,5.721638966318221,0.37537911227149834,0.04627891650971559,0.8020172436761098,5.648985331079043,0.38401037471815574,0.032887015972179655,0.7312453067442226,5.698762449473368,0.4114095462206768,0.040441507583896405,0.8030803425510242
Wind/Bighorn River,218.0397219,,,,,,,1.2,,,,,,,,,141.943788,,,Rhodamine WT,,,,,,6/29/1971,,,WIN 6-29-71 S6,5.501207527079148,0.3279602889782448,0.018689473878060303,1.44900888273515,5.928899165571627,0.06258445273761577,0.534839184084892,5.952759337538099,5.7579257360086835,0.13069998035758607,0.2632310119286726,4.48269991830501,5.5286728039786395,0.367267886370319,0.013691072545978547,0.7727648973858074,5.517738296453284,0.37007141141623784,0.011237068835045362,0.7428856181897714,5.5151879443143885,0.36888376406616413,0.010282343937951225,0.7303237080230192
Wind/Bighorn River,254.851623,,,,,,,0.7,,,,,,,,,181.37261800000002,,,Rhodamine WT,,,,,,6/29/1971,,,WIN 6-29-71 S7 (Last Nordin),5.557925250489217,0.15162960324171693,0.05466280665719542,1.6927483629383562,5.643727926448848,0.07580300759331829,0.11513663779274251,2.4651263262209624,5.575929280198005,0.15259007410314768,0.06609009986767782,1.9605174083870407,5.657762984243997,0.2832079005423473,0.04121190173710892,0.8520889911092369,5.601440179885191,0.3025605561218971,0.030614040096571853,0.8231003558310781,5.604624406167032,0.2722687152168929,0.03136424511106077,0.792934065294772
Amite River,9.91089645,0.408432,0.042976799999999996,,,,,0.354,46.0248,0.530352,24.40934473,,,,,,94.14639,,,Rhodamine WT,,,,,,10/21/1968,,,AMI 10-21-68 S1,6.834610938657867,2.050253283107939,0.06634944907347269,0.591889387862069,6.837614503972783,2.128624863685878,0.062123929728076115,0.5641440946210262,6.880146700328796,2.059713577390983,0.06680922195384498,0.5950312598818638,7.090530606334716,2.5530945395289906,0.08741069597313014,0.6966495709098256,7.387643770462633,2.6577084292130784,0.12576139054025173,0.7740650866514796,7.055130363861883,2.8060618788235074,0.07455540961570076,0.6806849309115348
Amite River,7.3623802199999995,,,,,,,0.53,,,,,,,,,38.785094,,,Rhodamine WT,,,,,,10/21/1968,,,AMI 10-21-68 S2,0.7073220268575966,0.0549459628374842,0.029951357366832694,0.23257036625054486,0.711039451508541,0.052883202091222825,0.031651129624649124,0.2397951184229831,0.7144356910661145,0.050094325932366644,0.03311755706092745,0.24408342038201775,0.7336310618794759,0.10482260992123514,0.08862326383123185,0.7950090047503982,0.753548647269869,0.10639722713253567,0.11173716879563626,0.8227268102403862,0.7203526716192139,0.10401607741187247,0.06426285805085787,0.7495759312574706
Amite River,8.919806805,,,,,,,0.512,,,,,,,,,148.05928,,,Rhodamine WT,,,,,,10/21/1968,,,AMI 10-21-68 S3,1.4018544061690974,0.26423859558935914,0.011992419958191515,0.12575206396460128,1.406629667936035,0.24650436169727663,0.012677895164691713,0.12695602966585515,1.4063167134874552,0.2597118922580555,0.012239639141426967,0.12556819510557404,1.6640620616503499,0.2500295186966152,0.1809630785426878,0.8506645967134556,1.670826541575758,0.31365408399367817,0.18849008477315632,0.8640810239803084,1.5964172623962707,0.352643072934795,0.13990881787604276,0.8446095823346511
Bayou Anacoco,2.013327822,0.408432,0.038709600000000004,,,,,0.473,15.24,0.32308800000000004,4.923861120000001,,,,,,11.426314,,,Rhodamine WT,,,,,,6/15/1969,,,ANA 6-15-69 S1 !,0.583434907050467,0.007249247325228936,0.0783884525216266,1.465207519939446,0.567575504122522,0.01075342389799466,0.015699673661525027,0.5547770175672037,0.5804015558264293,0.007981584952394418,0.057751870765712664,1.2268582745218257,0.5905453302748358,0.010221355308800565,0.051982928704223184,0.8150035917971548,0.5918119297481376,0.010266166813600831,0.052625454584665596,0.8172319814890477,0.5827694078307593,0.010868496699511416,0.03543065663330922,0.7699977760827829
Bayou Anacoco,2.568338023,,,,,,,0.568,,,,,,,,,23.174496,,,Rhodamine WT,,,,,,6/15/1969,,,ANA 6-15-69 S2,0.6019323845543115,0.0012337125961120652,0.23067344788192626,1.6053414997690145,0.5863400012489423,0.0036317983377996475,0.16130660982152129,1.4109482319956945,0.5906498720301502,0.0022582032659983365,0.17463276292775023,1.4188762260783783,0.5502982907364653,0.017085283971224715,0.032037583522605696,0.8334198444019614,0.54269530146987,0.017295942924882055,0.01737894611326794,0.7356823023317605,0.5522152547391311,0.0165852747081598,0.032585348760079125,0.8228344696652301
Bayou Anacoco,2.712753943,0.23469600000000002,0.041452800000000005,,,,,0.568,19.812,0.57912,11.473525440000001,,,,,,29.77279,,,Rhodamine WT,,,,,,6/15/1969,,,ANA 6-15-69 S3,0.5702586250667561,0.013306098811473037,0.018079833875931258,0.5478001442163754,0.5700243292356436,0.013960143366467677,0.016918363798666188,0.5394751990447474,0.5806038746304878,0.01007444766814039,0.039172362575003034,0.78990588231855,0.5780579479797312,0.01755304815724011,0.031015691898978917,0.8337070113417957,0.5724644088021225,0.017037892777784492,0.02033172102482207,0.7474914250340089,0.5733020437000887,0.01717830606617625,0.020801575384434296,0.7551461065456915
Bayou Anacoco,2.712753943,,,,,,,0.568,,,,,,,,,37.980424,,,Rhodamine WT,,,,,,6/15/1969,,,ANA 6-15-69 S4,0.5677223205126267,0.004165713998906359,0.04733527182727626,0.8000806566819014,0.569149276156057,0.003468718304281449,0.05051217485467094,0.8190663608056326,0.5712201820851299,0.0030100470088424407,0.057308535335178976,0.8833127456123139,0.5597184916899284,0.013472161577214549,0.027760615062350415,0.8141820368867727,0.5666775780901921,0.012785824785435043,0.03879029650111293,0.8441142660421618,0.5635319523945007,0.013173650337948057,0.033061208961864416,0.8426461444581709
Antietam Creek,5.097032459999999,,,,,,,2.7,,,,,,,,,2.5749440000000003,,,Rhodamine BA,,,0.3,,,3/24/1970,,Collected in 1 oz glass bottles at three points horizontally along the cross section,ANT 3-24-70 S1,2.3450382857142857,0.0061964997575188535,8.428137328570264,27.064150751109302,1.9206929518724252,0.025518868772013828,1.3441414324189467,21.066696312993127,1.9647476331935416,0.02827543910810332,2.969730775274632,37.92401258351931,1.9786082396917835,0.029864921053012587,0.11339336482581756,0.9126069614500334,1.8529097796814284,0.029543647610669046,0.03555149027012496,0.7343392002469713,1.8548244628827395,0.029935797347744212,0.02990304234379424,0.6843402958483606
Antietam Creek,5.238616695,,,,,,,1.1,,,,,,,,,9.575573,,,Rhodamine BA,,,0.3,,,3/24/1970,,Collected in 1 oz glass bottles at three points horizontally along the cross section,ANT 3-24-70 S2,1.7743239920360327,0.019547732993740734,0.26757473397871917,5.682463580080988,1.7658198618832615,0.021236864223512116,0.20870636919235536,5.094839586214329,1.7967042904608719,0.016464500480223198,0.36719957057549085,6.181497573119621,1.7654536435662787,0.026445689354567568,0.042363924998032314,0.7564758994191022,1.7686808813447947,0.027488115480571076,0.04146390284222062,0.7769070942969805,1.7683957803984878,0.026911064807294254,0.04046982964079135,0.7536648466095369
Antietam Creek,7.3623802199999995,0.627888,0.0740664,,,,,1.1,28.041600000000003,0.527304,14.786447846400002,,,,,,21.484689,,,Rhodamine BA,,,0.3,,,3/24/1970,,Collected in 1 oz glass bottles at three points horizontally along the cross section,ANT 3-24-70 S3,1.3513876614811215,0.021067478678935738,0.010242036278190118,0.2846904183391791,1.3529358747734703,0.02068527994234392,0.011174115629675234,0.3391720042957604,1.3572052606066152,0.01941633335910299,0.017000011218956,0.7370743077349325,1.3740145247403097,0.01783480052388766,0.024637503079300245,0.668152058905766,1.368894208748172,0.017709882145548306,0.020416375817117888,0.598790853931507,1.3671927531349783,0.018539164024149207,0.01917540415370141,0.5540998981691303
Antietam Creek,7.787132925,,,,,,,0.8,,,,,,,,,29.611855999999996,,,Rhodamine BA,,,0.3,,,3/24/1970,,Collected in 1 oz glass bottles at three points horizontally along the cross section,ANT 3-24-70 S4,1.2606018229946643,0.02223119643475523,0.016753393808056995,0.7723237669683769,1.265172193546067,0.0204618899143491,0.02382117966189671,1.0178144156663822,1.2586779954435814,0.02365456059772142,0.01164708132993275,0.5311660921323639,1.2647764111525712,0.022534720756296256,0.014978463182747145,0.5154581859383476,1.2840287218906528,0.021238545740291232,0.028479114316206092,0.7345088651140104,1.2876222886207345,0.018737965835786276,0.031199760846951852,0.729167940747121
Antietam Creek,10.194064919999999,,,,,,,1.7,,,,,,,,,49.165337,,,Rhodamine BA,,,0.3,,,3/24/1970,,Collected in 1 oz glass bottles at three points horizontally along the cross section,ANT 3-24-70 S6,1.3138867964134031,0.024816681655030086,0.028072831116471016,0.9202158082175382,1.3093935993922277,0.028305273853064413,0.02073966344180634,0.7639623009091975,1.309822697179056,0.02885907701889187,0.02040106804134096,0.7600610304239985,1.3409217074719055,0.03290596890282722,0.03793277921201513,0.8258005452483468,1.3408537863273666,0.03167388383550627,0.037400834687089324,0.8099086762857528,1.346354413236289,0.03075231547438008,0.04104576319441868,0.8202126460318732
Antietam Creek,12.17624421,0.588264,0.0981456,,,,,1,24.0792,0.9814560000000001,23.632675315200004,,,,,,59.22371199999999,,,Rhodamine BA,,,0.3,,,3/24/1970,,Collected in 1 oz glass bottles at three points horizontally along the cross section,ANT 3-24-70 S7,1.3730010818847476,0.033280680762855626,0.01774312690592889,0.6264391068470214,1.371486740384345,0.03513682828446875,0.015361816505133517,0.5717218742093136,1.3799291765352624,0.0291662804384478,0.02454426012025516,0.7733547153884307,1.414405464439241,0.03887016136266207,0.04212683555798024,0.8368076116912804,1.4081211344651368,0.03790903649045122,0.03719518695240565,0.8069673324278888,1.4057974502928097,0.036312769204012246,0.03500390497209103,0.788093885459629
Antietam Creek,12.74258115,,,,,,,1,,,,,,,,,66.707143,,,Rhodamine BA,,,0.3,,,3/24/1970,,Collected in 1 oz glass bottles at three points horizontally along the cross section,ANT 3-24-70 S8,1.4219671672761183,0.03975104842447248,0.01587838100662303,0.5796199498388491,1.421450770602581,0.04108801318207563,0.014733347915577845,0.5483023293355669,1.4231949464676836,0.03901137735952096,0.016112259890950657,0.5747828865104206,1.4569151681608672,0.04458889581716105,0.03581802611182471,0.8083207617358441,1.4646165223745535,0.04533905761670011,0.04064694934319759,0.8301953720287902,1.4494254160026139,0.04635699161335016,0.029784175807804503,0.7830079574401223
Antietam Creek,1.642377126,0.41757600000000006,0.0573024,,,,,1.1,12.8016,0.3048,3.9019276800000005,,,,,,21.484689,2,,Rhodamine BA,,,0.3,,,5/27/1969,,Collected in 1 oz glass bottles at three points horizontally along the cross section,ANT 5-27-69 S3,0.4973489694554136,0.014099338525024922,0.013200523182486134,0.2727375558262933,0.4990604687358853,0.013218183377991419,0.01486646896096859,0.29252435577496594,0.4990320088123331,0.013713451080477355,0.013810598911135627,0.27924609166852243,0.5557539435976745,0.012599583427237175,0.12205940007123023,0.8667126981418984,0.5220475776280047,0.013291881925112223,0.05630024298640235,0.7732058275288095,0.5158233651926053,0.013960231968225342,0.04365755505502938,0.734625312107237
Antietam Creek,1.783961361,,,,,,,0.8,,,,,,,,,29.611855999999996,,,Rhodamine BA,,,0.3,,,5/27/1969,,Collected in 1 oz glass bottles at three points horizontally along the cross section,ANT 5-27-69 S4,0.447117950261341,0.012148040259889937,0.010411765230708228,0.19797081837696828,0.44648918080843647,0.013901909767205798,0.009046421897214638,0.18250626168639753,0.4469437898814849,0.013688998873920525,0.009079071865124817,0.1753768975398985,0.46561328799999985,0.0131386885306383,0.04719719978583367,0.7549919114511698,0.47211021759999994,0.012758027714192294,0.05956946385447495,0.7899220019557194,0.46424662196509425,0.012776479288253238,0.04271504432846206,0.735102669012244
Antietam Creek,2.406931995,,,,,,,2.7,,,,,,,,,2.5749440000000003,,,Rhodamine BA,,,0.3,,,8/18/1970,,Collected in 1 oz glass bottles at three points horizontally along the cross section,ANT 8-18-70 SA1,0.999973807578197,0.008876290196361302,0.8823007641288079,5.675225450637365,0.9708932354714871,0.011314066113897053,0.5603874129589005,4.7490002405326734,0.9913534400000003,0.010278031284553226,0.7188375306842169,5.282775078454022,1.0319088080000003,0.0160831953989803,0.19171062023360325,0.8407841436459791,1.03641496,0.016475894857325375,0.18887180321290234,0.8428925289784207,1.018282458533415,0.016515210810780175,0.1597944837433716,0.8277469519896867
Antietam Creek,2.435248842,,,,,,,1.1,,,,,,,,,9.575573,,,Rhodamine BA,,,0.3,,,8/18/1970,,Collected in 1 oz glass bottles at three points horizontally along the cross section,ANT 8-18-70 SA2,1.0026565903218805,0.022165393356350618,0.02943844536203548,0.6448242307399961,1.006558198258498,0.021450488863585977,0.033287594870602684,0.7240575922751925,1.0081263001590008,0.021936488767980006,0.031487861254308,0.6975772894933039,1.037972083011078,0.02023120057306514,0.054111533329009295,0.715213603733452,1.0364222492014885,0.020680399331804603,0.05034584871986977,0.7023483371152754,1.045931859145834,0.020260935981155356,0.05768022074307631,0.7316175059819575
Antietam Creek,2.435248842,0.627888,0.0740664,,,,,1.1,28.041600000000003,0.527304,14.786447846400002,,,,,,21.484689,,,Rhodamine BA,,,0.3,,,8/18/1970,,Collected in 1 oz glass bottles at three points horizontally along the cross section,ANT 8-18-70 SA3,0.7882343402707697,0.01753115217463236,0.025774354084870464,0.5822904911552206,0.7877784413242988,0.01787357931842131,0.023467204574576114,0.5475952967705655,0.7968741128609265,0.015123485323786687,0.04050328032722881,0.8045541767015421,0.8239917914906911,0.017159748254210183,0.06296363142937719,0.7883321741737658,0.8307152810160725,0.017181976069734848,0.07026215110529867,0.8063256067035138,0.8203226824315881,0.01827786932782436,0.05646284670250065,0.7801358363959785
Antietam Creek,3.96435858,,,,,,,0.8,,,,,,,,,29.611855999999996,,,Rhodamine BA,,,0.3,,,8/18/1970,,Collected in 1 oz glass bottles at three points horizontally along the cross section,ANT 8-18-70 SA4,0.7524248993528642,0.008270471424438142,0.03467158920660766,0.6271822812680121,0.7504176161056231,0.009147400828930828,0.03004949537460716,0.57632846215466,0.7504550898491952,0.009034782916034228,0.02962369308245377,0.5601443853221082,0.7826632387027971,0.010894790507622761,0.06497375607253622,0.7899187218541187,0.7799022573999997,0.011855879694302386,0.06089701423138528,0.7929512251022461,0.7794655132706722,0.011111940936385858,0.05987972263255232,0.7759386659811877
Antietam Creek,4.53069552,0.432816,0.080772,,,,,1.5,24.9936,0.454152,11.35089343,,,,,,12.633319,,,Rhodamine BA,,,0.3,,,8/18/1970,,Collected in 1 oz glass bottles at three points horizontally along the cross section,ANT 8-18-70 SB1,0.9153516077146626,0.01851270442128922,0.06311752183146177,0.939356181366724,0.9175312748931521,0.018583775317315837,0.06515470932335841,0.9769709039759786,0.9292259499752453,0.015076148691059842,0.09260687834626721,1.1695197350791726,0.9644348961231882,0.022949452996445255,0.09086504583716344,0.8020907685809855,0.9644348961231882,0.021316015767796737,0.08922638558236404,0.7846253260535654,0.9599491524202898,0.022382425840483538,0.08266290080787425,0.7790261429909663
Antietam Creek,5.323567236,,,,,,,1.7,,,,,,,,,19.553481,,,Rhodamine BA,,,0.3,,,8/18/1970,,Collected in 1 oz glass bottles at three points horizontally along the cross section,ANT 8-18-70 SB2,0.9481979320361464,0.021301145656440642,0.056223257406450955,0.8085163037003203,0.9391473878223308,0.02537692469174129,0.03794691143411271,0.630038615081375,0.9478405699327583,0.022245714394554344,0.0513484657905424,0.7675331287449809,0.9787437154297697,0.026857805253298988,0.06974995546409457,0.7586697649167995,0.9809329634999999,0.028272551370383595,0.0705645676583809,0.7700645372104847,0.9787823656390927,0.02743209034599659,0.06692753873874566,0.7539892400583328
Antietam Creek,6.371290575,0.618744,0.0688848,,,,,1,21.031200000000002,0.48463200000000006,10.192392518400002,,,,,,29.611855999999996,,,Rhodamine BA,,,0.3,,,8/18/1970,,Collected in 1 oz glass bottles at three points horizontally along the cross section,ANT 8-18-70 SB3,1.0005483422568564,0.05200355936538837,0.008192406978575647,0.18880727367869204,1.0162854707693565,0.04064078415672628,0.022238148545211715,0.4871603455252877,1.0183804987978922,0.04073366736679738,0.023157019506520788,0.507864972978672,1.056010397980231,0.04297502008642862,0.056799231029638866,0.7862945602660423,1.0556494688500446,0.040845704715601096,0.054917041943775384,0.7704815689049256,1.0643755050455197,0.042354838182973184,0.06198487283551132,0.7997915841692818
Antietam Creek,6.51287481,,,,,,,1,,,,,,,,,37.095287,,,Rhodamine BA,,,0.3,,,8/18/1970,,Collected in 1 oz glass bottles at three points horizontally along the cross section,ANT 8-18-70 SB4,1.0961380052467473,0.01817601256770214,0.03425761005615183,0.5122427641817185,1.099133235610584,0.017726826748213464,0.037787468275819636,0.5624902984453984,1.1006996322910447,0.017593765271955768,0.039671284721594945,0.594249901549286,1.1443596962279856,0.021057535613305277,0.06853049868757823,0.7450764711428061,1.1557478610029663,0.020520751718121448,0.07809542362167404,0.76983857044249,1.245637916702941,0.01434007859530939,0.15854396729168274,0.8557205988659267
Bayou Bartholomew,4.105942815,0.1524,0.0362712,,,,,0.114,22.86,1.1795760000000002,26.96510736,,,,,,3.21868,,,Rhodamine WT,,,,,,6/25/1971,,,BAR 6-25-71 S1,0.5897181530434782,0.004442726924311576,0.35425399700980026,2.2940908218176435,0.5918503056663015,0.004292319731445608,0.36180129411529477,2.3171075216536123,0.5926231255482004,0.004245186269425581,0.3555187599459649,2.2757653563435962,0.5813690478788537,0.009587492357329318,0.10840422228559919,0.7451956627558044,0.592461028173913,0.008841702276760822,0.12492766408058169,0.7487733049651005,0.5900239448296645,0.00939995002368848,0.11396558924957355,0.7488411680816642
Bayou Bartholomew,4.81386399,,,,,,,0.067,,,,,,,,,25.74944,,,Rhodamine WT,,,,,,6/25/1971,,,BAR 6-25-71 S2,0.5260395012923857,0.0021612089699215996,0.47123307552168636,1.789878904432464,0.5269844604265451,0.001156641042995929,0.4576757437493976,1.719131088898211,0.500525619102455,0.002117881198450288,0.2985974533690512,1.4682171279185792,0.4203433878483897,0.020107523793844475,0.004200660420611934,0.6692142327908105,0.4201868480539904,0.020524587494715304,0.0024848323773823196,0.5472213947672311,0.42232901612529417,0.01956823770039546,0.004895756511990626,0.6370900215316658
Bayou Bartholomew,6.51287481,0.3048,0.021031200000000003,,,,,0.061,29.260800000000003,0.7315200000000001,21.40486042,,,,,,59.54558,,,Rhodamine WT,,,,,,6/25/1971,,,BAR 6-25-71 S3,0.6085452806874406,0.0023291632546180666,0.3570131331540756,1.3373735889346539,0.58762942919145,0.0023950416696552888,0.25816070711500605,1.1512438274116858,0.579923542112613,0.0029389930428325712,0.22805957796264173,1.0945823608956047,0.4954392291007872,0.029273308562091135,0.020932426394557294,0.8141569952542282,0.4885442840242243,0.030988125251490525,0.008172215171061361,0.6869953113170235,0.4945716921632654,0.031436369980788935,0.0182263074010314,0.8206239146312106
Bayou Bartholomew,8.098618242,0.10363200000000002,0.0405384,,,,,0.081,37.4904,2.0726400000000003,77.70410266,,,,,,117.48182,,,Rhodamine WT,,,,,,6/25/1971,,,BAR 6-25-71 S4,0.5673514957974619,0.017742124599502442,0.035255892704673386,0.22321356844577767,0.566126628985549,0.014414560906114761,0.03356178100248293,0.21494792985369476,0.5361703100819306,0.0489385183363715,0.014998450099313247,0.15802995428187472,0.5035385439529181,0.13585969630998773,0.009106679308163768,0.7490252042389018,0.5112715634340643,0.12588374495609575,0.017647654121645664,0.7909396231523087,0.510168960520631,0.12684302705816303,0.014454116628243686,0.7727248137985804
Bear Creek,10.194064919999999,,,,,,,10.8,,,,,,,,,1.1265379999999998,,,Rhodamine WT,,,,,,5/22/1969,,,BEA 5-22-69 S1,5.874230336875415,0.0011506603652392752,28.841008149062382,117.6793688757272,5.814741852385254,0.0020332476118446554,26.538273844524568,114.06741151445006,5.855655655858477,0.0024491740531429073,28.45005365987753,118.93490954202636,5.446435717333333,0.029815795906432026,0.19792236817526543,0.8884978872598476,5.470969211555555,0.028496822391973486,0.2074484480094138,0.8749229582748154,5.348301740444444,0.027270356870538064,0.18906203667580485,0.8320833246529362
Bear Creek,10.363966,,,,,,,17.7,,,,,,,,,5.9545580000000005,,,Rhodamine WT,,,,,,5/22/1969,,,BEA 5-22-69 S2,3.9003913103688217,0.0021241916326625748,23.86540063218363,96.28450787139379,3.7753181045971695,0.0017696680076652624,16.628748378339623,79.58127978148457,3.8151489214510357,0.0015446949104373623,19.071801908201447,86.2920212284378,3.164820946258434,0.019453406526157308,0.019105422663628645,0.7608582683329594,3.1655180937385072,0.019279660930834587,0.019142434502470867,0.7317645294601315,3.1766532914070824,0.019995242257567998,0.020372184211854376,0.7925151395238117
Bear Creek,10.50555024,1.2893040000000002,0.554736,,,,,36.7,13.716000000000001,0.850392,11.66397667,,,,,,10.943512,,,Rhodamine WT,,,,,,5/22/1969,,,BEA 5-22-69 S3,3.0779469396594443,0.007286595347697997,0.5175210231390052,22.610056746501947,3.103611786952708,0.006210260388192183,0.8579172121587558,27.700787590620454,3.055019041133454,0.009583812705285454,0.23944063776363536,16.321599397023107,3.0709226296353878,0.01016426341554709,0.02735496991415252,0.7828688789480781,3.0580986086614934,0.010713749085467439,0.0231592413970115,0.7277980927563774,3.0318916268205816,0.01205723888386771,0.01703152140876064,0.3844109613167893
Bull Trout,0.2835000313007782,,,,,,,,2.400000077,,,,,,,,1.049997423840909,,,Cl,,8.74,,,,6/14/2007,,,BUL 6-14-07 S1 FIRST UNM,0.7740220946860349,0.000884498136830631,0.8092632657523265,5.038265468541742,0.7742814335007245,0.0008991367431440265,0.7995116677817263,4.981208964777577,0.7748157721644063,0.0009099477995785551,0.7984043948951759,5.0154422611591745,0.7877715795197073,0.0011141655605869938,0.23888592078788914,0.5332089085785601,0.787139651519958,0.0011400837533754808,0.2399420283732488,0.5240556793435819,0.7774702374144667,0.0015128151810857155,0.20411327174085672,0.5483532633231694
Bull Trout,0.3160000348890508,,,,,,,,4.800000154,,,,,,,,2.2459944894730293,,,Cl,,8.74,,,,6/14/2007,,,BUL 6-14-07 S2,0.871964168336183,0.003300436860732971,0.5003787864008656,2.6388220258917094,0.8487354946251499,0.004209744197043635,0.2641819655128726,1.534439669570823,0.8483542409742904,0.004384051770084692,0.2541487842228488,1.4932722481132297,0.9339881700070152,0.002090070932346209,0.24525646227021639,0.633253790270613,0.9339881700070152,0.002075391671176439,0.2450286354843329,0.6202811903839718,0.9163657517049959,0.003221760370060589,0.21099707876439208,0.6259817925041398
Bull Trout,0.32800003621395146,,,,,,,,3.700000118,,,,,,,,3.7439908141527267,,,Cl,,8.74,,,,6/14/2007,,,BUL 6-14-07 S3,0.8793250523243682,0.008027555658708448,0.0681542057127382,0.12238082880399073,0.881532069033686,0.00796186630314895,0.07262036458842232,0.1367788012462225,0.8879550222735393,0.007789425549286786,0.06389741982930813,0.36410903514918974,0.8904190241064299,0.008013326071706756,0.04139707358567378,0.23293505935027303,0.9315783597745838,0.0066947288173572084,0.07167060357364603,0.7617838507975334,0.9463470354127275,0.006719662743546426,0.08496247333386839,0.8117250977330122
Chattahoochee River,136.2040341,,,,,,,0.496,,,,,,,,,16.012933,,,Rhodamine WT,,,,,,4/20/1971,,,CHA 4-20-71 S1 !,3.505238408473492,0.0540868656765003,0.5743056808947546,6.108292138416716,3.370228714488963,0.09149860128589962,0.19039538322345895,3.648181552659928,3.39367525892855,0.08475003054472267,0.2307808922057243,3.953335678968643,3.4682561895716857,0.11511483138618958,0.0801516242627219,0.8108434080380135,3.477546793582784,0.11446284070184426,0.08104317519920805,0.8098840179626584,3.435548593664099,0.11603271015763465,0.066146043119762,0.7670258020839801
Chattahoochee River,179.52881,0.935736,0.0618744,,,,,0.283,65.8368,2.86512,188.63033241600002,,,,,,27.889862199999996,,,Rhodamine WT,,,,,,4/20/1971,,,CHA 4-20-71 S2,3.422231297682339,0.16082078875368022,0.03511790737507921,0.37637788584672976,3.4294434680186865,0.15869096932225318,0.036049827444564815,0.3984987016098092,3.4343044137297545,0.1612452077853029,0.03543096890095025,0.39080613531681935,3.5094805218279754,0.13342569298937196,0.05219394212147437,0.5566372492167289,3.52231314812168,0.13106014367229737,0.054480967735178396,0.5737791033185154,3.572768206870984,0.11894676685518081,0.06786032342852498,0.6488068871029222
Chattahoochee River,174.714946,,,,,,,,,,,,,,,,36.4676444,,,Rhodamine WT,,,,,,4/20/1971,,,CHA 4-20-71 S3,3.562533655038235,0.12487328124167718,0.08511758010731087,1.7899807655242561,3.552630398274444,0.13181510966438426,0.06979317107576412,1.5536870507989942,3.5729416372375935,0.12418746510190871,0.08953933226681988,1.8879129323001922,3.6555877081784645,0.15405417114863798,0.060594841492323304,0.7808556229699581,3.681597930453194,0.1442176420680955,0.06752727328607754,0.7853998234308298,3.6282956214455084,0.15257458010081942,0.050987721568230004,0.732106369221233
Chattahoochee River,169.901082,0.94488,0.1167384,,,,,0.314,77.724,2.286,177.677064,,,,,,49.5837654,,,Rhodamine WT,,,,,,4/20/1971,,,CHA 4-20-71 S4,3.4087118033642745,0.16690121665649432,0.05985208172616447,1.150797314652562,3.4130615859486166,0.16460597703529464,0.060627117639443236,1.1526319044730027,3.424386502017134,0.15468388817558873,0.06747647143629253,1.2444152362832466,3.5907581301817206,0.18501204684374203,0.08559419330274157,0.8077897361360069,3.567528726740898,0.1684308467866914,0.07802525305792056,0.7785827351190522,3.497931050747647,0.18466571703271592,0.05628434226290628,0.7212531164666092
Chattahoochee River,107.6040186,,,,,,,0.02,,,,,,,,,57.09938319999999,,,Rhodamine WT,,,,,,4/20/1971,,,CHA 4-20-71 S5,2.8946936156281735,0.16509257996125876,0.04606290922979739,0.6583769637217042,2.900380045215478,0.16175393219326883,0.04784427648473946,0.6755807474974543,2.895405219167967,0.1701541746451353,0.043492318047044516,0.655217115905757,3.203560894436,0.15973805030961416,0.13644680593772363,0.8331909084767717,3.203560894436,0.14592650494017298,0.1356134014649247,0.8253470001525959,3.3294650343919994,0.16295802943059612,0.17823252021839908,0.8656886697738297
Chattahoochee River,107.6040186,,,,,,,0.442,,,,,,,,,60.5433708,,,Rhodamine WT,,,,,,4/20/1971,,,CHA 4-20-71 S6,2.8552451434797215,0.18289048036485897,0.04950492548185517,0.550870610655864,2.8556794476281215,0.1843553977674859,0.048485701003797795,0.5468986667215101,2.860756589864685,0.1829709535235446,0.04966259738172953,0.543256808075571,3.0033600298566148,0.19903032946316251,0.08728607126222927,0.7235871523870334,3.011416090274075,0.19367104358635923,0.08892397088594549,0.7244269401077785,3.2701868144204647,0.1640634849323241,0.1774318231049032,0.8301815260356498
Chattahoochee River,107.6040186,0.737616,0.13776960000000002,,,,,0.99,75.5904,1.9507200000000002,147.4557051,,,,,,76.604584,,,Rhodamine WT,,,,,,4/20/1971,,,CHA 4-20-71 S7,2.685255799342231,0.33819468307187645,0.020745438477527207,0.3530288854029063,2.6873522696086027,0.3493415488520595,0.019943240868351447,0.34794004634999515,2.7206350622905973,0.29142099252216497,0.031601712924398784,0.4844979567961815,2.854467388593156,0.33189758398013636,0.07675889491703572,0.7886386595479802,2.8282796143858793,0.33704413141171513,0.06599789212573558,0.7647401049421478,3.116345130665922,0.2947323288514023,0.16800073435825139,0.8700089262545226
Chattahoochee River,140.1683927,,,,,,,0.204,,,,,,,,,10.492896799999999,,,Rhodamine WT,,,,,,5/4/1971,,,CHA 5-4-71 S1,4.50734887771906,0.007486468438177432,1.7146242179270852,9.098846584922244,4.275543745498815,0.04597665092299272,0.8583603993627941,6.46623616531517,4.217476020092838,0.06406707840200293,0.6575237040563657,5.639922170582989,4.259176406419321,0.12062713993786883,0.13534348867830429,0.7346834266806878,4.300317860839795,0.11314514801427021,0.14589395705841696,0.7372784715907326,4.291486046822485,0.1230614941225339,0.1367582808389639,0.7421348094511573
Chattahoochee River,140.1683927,0.8290560000000001,0.0752856,,,,,0.25,74.0664,2.3073360000000003,170.89607111040002,,,,,,30.0624712,,,Rhodamine WT,,,,,,5/4/1971,,,CHA 5-4-71 S2,3.2037037806530817,0.11756250055123109,0.12925536654292757,2.345169691071781,3.130947934108757,0.1625175397481748,0.03599216863845029,0.8927336043962578,3.1433016459746357,0.15916687411611377,0.042468189315484024,1.0832658084195679,3.287252113953686,0.1557540884114898,0.07189795909215854,0.8057636419981735,3.255504298073858,0.1545246083773455,0.060740653653033896,0.7627571124458051,3.267513968743211,0.15729455891257152,0.06232309394030894,0.7797814869249939
Chattahoochee River,140.1683927,0.7315200000000001,0.0829056,,,,,0.294,84.73440000000001,2.37744,201.45095193600002,,,,,,65.3713908,,,Rhodamine WT,,,,,,5/4/1971,,,CHA 5-4-71 S3,2.951725817622174,0.1969757074337494,0.02195208825923306,0.527877709005944,2.9566011570164354,0.19157486462350454,0.02295896413754916,0.5511583404862821,4.029362377726699,0.03125860987812782,2.6754877200502776,6.89536807372945,3.0220676013252064,0.18642227214478338,0.038738421587417,0.6918325749156053,3.133721976479274,0.17667468849384416,0.0750407562856168,0.8165667637055374,3.043885072712741,0.17997195882393502,0.04407135947714501,0.7169572786427754
Chattahoochee River,140.1683927,0.3048,0.1054608,,,,,0.452,99.9744,,,,,,,,104.6231934,,,Rhodamine WT,,,,,,5/4/1971,,,CHA 5-4-71 S4,2.8181355598184012,0.20583306154072037,0.04184931435877558,0.685982097945297,3.410731365456641,0.0226184208439776,0.7221950833465436,2.6872954450791573,3.211856791177263,0.024761864502899272,0.4126465560609108,2.0892792065933667,2.888716977397021,0.3570274938656479,0.05897843634811748,0.8341292405687468,2.888716977397021,0.3173666520534678,0.05721257194846025,0.8026995786795864,2.8753432876868947,0.3248120202477691,0.0516264779032021,0.7910017329085954
Comite River,0.764554869,0.252984,0.0557784,,,,,,6.096,0.49072800000000005,2.9914778880000004,,,,,,6.759228,,,Rhodamine WT,,,,,,11/4/1968,,,COM 11-4-68 S1,0.28914776696415817,0.002078018670332283,0.03595966728026894,1.0097545655733038,0.3021506578141801,0.001146633565176316,0.1588224349040198,2.0072403438431965,0.2901753396446702,0.002015133131993412,0.039084334409516204,1.0602862528965977,0.2987999386947536,0.0025423695231204693,0.055117307180185315,0.8581112056893155,0.3038084819883503,0.0025075288332454307,0.07116360836022813,0.8777716909619562,0.3001668314005988,0.0024225749641124286,0.05726919981792396,0.8471188331363358
Comite River,0.906139104,0.286512,0.0460248,,,,,0.725,11.5824,0.271272,3.1419808128000004,,,,,,26.875978,,,Rhodamine WT,,,,,,11/4/1968,,,COM 11-4-68 S2,0.30733739317259773,0.005099425081620728,0.0034758981767065425,0.08891242192683205,0.3085992699927222,0.004549297405560159,0.005196146495632104,0.15256249119035428,0.308615960510029,0.004736452442904508,0.004864442661420429,0.14765160045615244,0.3151954132596772,0.003894129409577102,0.02312747419225118,0.6894617058380033,0.3174716164785577,0.003967797980184809,0.029295006838098006,0.7412878662230279,0.31860522973188204,0.003893367396002276,0.03219374294002664,0.757682900710575
Comite River,1.022238177,0.381,0.0399288,,,,,0.764,19.812,0.21336,4.22708832,,,,,,47.958332,,,Rhodamine WT,,,,,,11/4/1968,,,COM 11-4-68 S3,0.4395597149386804,0.007804415765206334,0.00570705406265981,0.17129135616871954,0.4395621733725247,0.007773473354543303,0.00553761053294407,0.1589954799225217,0.43979236834188096,0.007664000935655734,0.005499807153858637,0.16147645441470568,0.4556089521515342,0.006877642234114751,0.03723410386175448,0.7829053676374419,0.4542385958681638,0.007233840904354456,0.03445898017141658,0.7813311994699188,0.45789812803762403,0.006806294866494139,0.04161417038060294,0.8034141137395847
Comite River,1.13267388,0.34137600000000007,0.030784800000000005,,,,,0.395,11.5824,0.24384000000000003,2.824252416,,,,,,60.35025,,,Rhodamine WT,,,,,,11/4/1968,,,COM 11-4-68 S4,0.49471899942821346,0.010447750807036483,0.005690840667388605,0.13355363975729867,0.49450004011103893,0.010665996789560697,0.005294663518914135,0.12916642760321015,0.4950113925830881,0.010490852706295668,0.005690938252938508,0.13200878463376448,0.5101939472156052,0.008660414224422784,0.0316345201663729,0.7280059654633314,0.5134062653300077,0.008364889078259403,0.037242377429605546,0.7600447971169926,0.5094731627530465,0.009332945634847822,0.029965964599476258,0.7244410842750888
Comite River,0.99392133,0.46939200000000003,0.024384000000000003,,,,,0.233,13.1064,0.25908000000000003,3.395606112,,,,,,78.85766,,,Rhodamine WT,,,,,,11/4/1968,,,COM 11-4-68 S5,0.5619803341024425,0.011675651757138913,0.007851936354173477,0.1399886557378452,0.5622447181692115,0.011286132897469178,0.0079249651103209,0.14243431127285733,0.5620825823339235,0.011549035802553217,0.00770016083970297,0.14009219435126025,0.5884321450488059,0.0096436067174753,0.048369949086048976,0.7605878160937187,0.6139984883296784,0.00692148542177649,0.08947448113223512,0.8341762584863353,0.5974166837730497,0.009844397173621768,0.062421835821939345,0.7984597820414615
Conococheague Creek,29.449520879999998,0.679704,0.0722376,,,,,0.7,59.436,0.762,45.290232,,,,,,4.425685,,,Rhodamine BA,,,0.3,,,4/30/1970,,,CON 4-30-70 S1,3.2081831161738714,0.006815246654526781,0.6332247403566433,9.396399006888645,3.204972083432567,0.007307152981038506,0.594805691677193,8.919870296002664,3.209542882177312,0.007337572680838972,0.6161657789164471,9.4229584878263,3.4755510535814547,0.004263425544275367,0.1943725726538688,0.7914385857575887,3.4029017956196186,0.004686465936327967,0.17675246089853258,0.7425498898749626,3.3534023746162607,0.00560577340131209,0.1611426024950324,0.7005059303684307
Conococheague Creek,29.449520879999998,,,,,,,0.5,,,,,,,,,8.690436,,,Rhodamine BA,,,0.3,,,4/30/1970,,,CON 4-30-70 S2,2.799265219514443,0.019079630334670528,0.41706111504509136,4.58602271958034,2.8357299967210277,0.013874194527687468,0.5665079842394374,5.557867623193044,2.8323216645337874,0.014910071937823432,0.5428191861771234,5.4733045857929685,3.3104954427096773,0.022024932201399425,0.2929838165896451,0.861178260926012,3.3242319383225802,0.019674752706021436,0.2995978043545359,0.8583234517415781,3.1868669821935485,0.013127535667444852,0.2551314430364542,0.8116504382712271
Conococheague Creek,29.732689349999998,,,,,,,0.7,,,,,,,,,13.437989,,,Rhodamine BA,,,0.3,,,4/30/1970,,,CON 4-30-70 S3,2.7269370892957507,0.01590374597532096,0.31498579288169254,2.991129714870169,2.721958434497464,0.018265350502682562,0.2945804763021059,2.7512284770498696,2.7257110850174695,0.018053760111891817,0.3025079260924434,2.859534090798861,3.1737842420200013,0.011035118525807845,0.27442810164012477,0.8261719532605003,3.1737842420200013,0.01138489957674954,0.2738570478360338,0.8265580820435284,3.2659688465600016,0.013715633779685491,0.30752725562608607,0.8489730618764503
Conococheague Creek,30.01585782,,,,,,,0.7,,,,,,,,,19.875349,,,Rhodamine BA,,,0.3,,,4/30/1970,,,CON 4-30-70 S4,2.6785545481880098,0.015225174215986983,0.25578497310612636,3.109852033263096,2.691036572616434,0.013377172568737123,0.2893608106388151,3.3959812943679997,2.6818910163933634,0.015551392010766791,0.25917808390032937,3.191167896293761,3.1010774795000002,0.013999535558599315,0.24339874222057475,0.8602997187481519,3.1267062190000003,0.018146793015906822,0.2514676163766842,0.8713888064374704,3.011473660247274,0.023141879664867228,0.20404396708629877,0.8544890840357453
Conococheague Creek,30.29902629,0.6339840000000001,0.0813816,,,,,0.6,42.976800000000004,1.12776,48.46751596800001,,,,,,25.990840999999996,,,Rhodamine BA,,,0.3,,,4/30/1970,,,CON 4-30-70 S5,2.614086713981958,0.02075229794231879,0.2462102580044713,2.5753356899058457,2.6116426272101565,0.021625783307516466,0.23982728247113558,2.5468478019158245,2.6069830248918953,0.024848061892579928,0.2287751246416942,2.4971296205081703,2.6265003603050956,0.07822398304852697,0.08285924532456737,0.7752728523959174,2.7797704273365382,0.061229018824708305,0.1450347118020804,0.8379686637459719,2.7062963191249993,0.06620752893390598,0.11377728166886857,0.8090551218405821
Conococheague Creek,30.58219476,,,,,,,0.6,,,,,,,,,33.876607,,,Rhodamine BA,,,0.3,,,4/30/1970,,,CON 4-30-70 S6,2.340050233979745,0.04890697486639439,0.10335176587260148,1.3161608467523125,2.308351031229819,0.06405112750299453,0.06427480407817025,0.9351165710196577,2.321005255650563,0.060556177941075255,0.07866778717399811,1.1384752016875104,2.376796992166214,0.06320784328208436,0.0716132200896066,0.6315683329773563,2.3760111018294596,0.07362028156988253,0.07244701704150476,0.6471785253090037,2.4034951855612716,0.060521823679709714,0.08044160215657513,0.6754821575255086
Conococheague Creek,6.824360126999999,,,,,,,,,,,,,,,,4.425685,,,Rhodamine BA,,,0.3,,,5/6/1969,,,CON 5-6-1969 S1,2.0022655524193547,0.007704063407557459,11.143490271635011,30.64230369014625,1.870980606579338,0.007412709396821146,6.7667683381990456,24.50837561827463,2.082356174516129,0.0014195750131670115,11.316858542443018,26.91555291452974,1.5789298678200714,0.020215215790233897,0.08880051161475408,0.8772662422814358,1.480171310679584,0.022432667234521645,0.02004129098748894,0.24680949838264554,1.5471068540163369,0.019833975830244748,0.0628280706288735,0.8037984827328152
Conococheague Creek,6.8526769739999995,,0.048768000000000006,,,,,0.5,35.052,0.48768000000000006,17.094159360000003,,,,,,8.690436,,,Rhodamine BA,,,0.3,,,5/6/1969,,,CON 5-6-1969 S2,1.427770716709792,0.0023992094862518546,0.48173087023769334,4.126263227259011,1.4087253766400922,0.00420430119248,0.3571509720938472,3.352664361998798,1.4168593738621726,0.003865831377414806,0.40824914725905953,3.7503939605490046,1.4452458414545457,0.01443010190039126,0.12039906528278388,0.7832660904866189,1.4387938510909093,0.013505471669498023,0.11704537004814616,0.7567006190370551,1.4323418607272729,0.014113870579233833,0.11039302086551483,0.7489436770389882
Conococheague Creek,6.880993821,0.445008,0.0466344,,,,,0.7,46.0248,0.3383280000000001,15.571478534400002,,,,,,13.437989,,,Rhodamine BA,,,0.3,,,5/6/1969,,,CON 5-6-1969 S3,1.3162275735975657,0.004683310423328624,0.1599606085074226,1.8380066488846571,1.3185773438162391,0.004371961823161109,0.16923004027656474,1.928024914822501,1.3188646993091064,0.0040634855315099,0.16871671321730827,1.9013334416057357,1.4213884194987028,0.0038612155978957137,0.14921288728352924,0.7721217403476962,1.4284882898791884,0.0033352307044865284,0.1553343384503218,0.7752969364975846,1.4783105349901964,0.004013982142392034,0.19283506260614983,0.8243273726239096
Conococheague Creek,6.937627515,0.25908000000000003,0.052425599999999996,,,,,0.7,64.92240000000001,0.402336,26.120618726400004,,,,,,19.875349,,,Rhodamine BA,,,0.3,,,5/6/1969,,,CON 5-6-1969 S4,1.3061366648456347,0.0038732798964388197,0.1153454330339019,1.3214014036722779,1.3066359386490651,0.0038672705298651334,0.11601212246360376,1.3372958577626826,1.3067914695858318,0.0037055934743036876,0.11589322269145262,1.3274008656691605,1.5185612925275618,0.005458196603576531,0.22288267128617073,0.8646112826460594,1.518502815375,0.004962007508059499,0.2204201053852607,0.8630617299767089,1.3604152798884779,0.0069756584850495145,0.09567132324239443,0.7169412623732121
Conococheague Creek,6.937627515,0.216408,0.0637032,,,,,0.6,43.281600000000005,0.688848,29.814443596799997,,,,,,25.990840999999996,,,Rhodamine BA,,,0.3,,,5/6/1969,,,CON 5-6-1969 S5,1.2343400753563125,0.01215767127517131,0.08162466611560416,0.9706934459851784,1.2360126253812531,0.012047971290151033,0.08442048743149992,1.0104934417915126,1.2356550560190114,0.011478521271037604,0.08227718297914419,0.9718808551826326,1.448589052890995,0.013287104924118732,0.22421452595866212,0.8688748358146688,1.4548269292674783,0.012522285809335313,0.22910041140311416,0.8711139468708068,1.3929174151045525,0.012654967116101343,0.17735895014007116,0.8405491149527197
Conococheague Creek,7.07921175,0.249936,0.064008,,,,,0.6,41.148,0.694944,28.595555711999996,,,,,,33.876607,,,Rhodamine BA,,,0.3,,,5/6/1969,,,CON 5-6-1969 S6,1.0214094383114547,0.030921879731174478,0.03840529306758459,0.5259087512039717,1.018015766124268,0.034779368566602215,0.03354228078748517,0.49016341360188914,1.017922139665377,0.033856636996376456,0.03207294751932135,0.4612995294805253,1.0362220751419506,0.05019164554317677,0.04883685441556384,0.7328201017592848,1.0558877359319527,0.043401221285420725,0.06500324016406824,0.7601362588466312,1.050976630183432,0.04760222310575638,0.059551977032202406,0.7593483682944278
Conococheague Creek,2.576833077,0.280416,0.0499872,,,,,0.7,24.0792,0.36576000000000003,8.807208192000001,,,,,,4.425685,,,Rhodamine WT,,,0.2,,,9/30/1969,,,CON 9-30-69 S1,0.863520598088106,0.0020951053859794783,0.49948126955734473,2.2642540701652902,0.8636886915643838,0.001891447504072631,0.4965649429419546,2.2507131837874095,0.8660444521443024,0.0016387423801630552,0.5136936089722846,2.3130924065130096,0.8321764512095592,0.021605893148773054,0.1307003567879881,0.7696621085153145,0.8331188630035112,0.021871218025313714,0.1255131909659987,0.7632493949667891,0.8425395068008608,0.019364886885970475,0.1338056661479256,0.7388193929924118
Conococheague Creek,2.8316847,0.204216,0.0423672,,,,,0.5,35.6616,0.36576000000000003,13.043586816000001,,,,,,8.690436,,,Rhodamine WT,,,0.2,,,9/30/1969,,,CON 9-30-69 S2,0.657785988356752,0.010505762798597383,0.12130982547032604,0.8910608973493755,0.6550718306586598,0.011642586835799296,0.1097198208428974,0.8472196167666172,0.6614231592177873,0.010156216229095957,0.1250935173584149,0.9034886552153009,0.7013693054117649,0.01967413467192149,0.148219704792584,0.7982430423997167,0.7013693054117649,0.017416802774908292,0.1442962688747247,0.7753369352753768,0.6794515146176471,0.02118425748190444,0.1073530827434227,0.7620483502540134
Conococheague Creek,2.888318394,0.16154400000000002,0.0560832,,,,,0.7,60.96,0.45720000000000005,27.870912,,,,,,13.437989,,,Rhodamine WT,,,0.2,,,9/30/1969,,,CON 9-30-69 S3,0.5972238485073313,0.023934969624546148,0.08680038027457036,0.4407204196523747,0.6132418922288099,0.017288871436381473,0.10989164967535309,0.48741902585085045,0.6067751211025297,0.02097451523557884,0.09718970347280412,0.4635851463808111,0.5529852750225934,0.06659113253348219,0.04343967268884041,0.6709302553879195,0.5602232591572579,0.0696705514257156,0.048327420048533506,0.7155721461979689,0.5655334322298387,0.06624106977389282,0.0470444046815652,0.6754897223180518
Conococheague Creek,2.888318394,0.17068800000000003,0.0521208,,,,,0.7,42.672000000000004,0.39624000000000004,16.90835328,,,,,,19.875349,,,Rhodamine WT,,,0.2,,,9/30/1969,,,CON 9-30-69 S4,0.5616655918656427,0.009496741739808965,0.06752621582265816,0.4969284045733368,0.5531114330086064,0.013862021866677432,0.051460189787592966,0.4367562937701063,0.5565517198106844,0.01245735629112818,0.05669136953623179,0.4638842762392015,0.560569193413793,0.035529818221198196,0.0788244312019106,0.8182515664826888,0.5450695843793102,0.033813641334969745,0.04775100279192341,0.7328299557905813,0.5608102436319072,0.031560857953512454,0.0687656860856821,0.7720961167874405
Difficult Run,0.951446059,,,,,,,,,,,,,,,,0.6437360000000001,,,Rhodamine WT,,,,,,6/21/1968,,,DIF 6-21-68 S1,0.5479763738384432,0.0022435678722540187,1.2085366398326438,5.796727597947531,0.6263370548671287,0.00026488002191875587,3.3190887761846923,8.983793133673668,0.6303967886057824,7.69686195345576e-05,3.326818850274623,8.7757529765747,0.5499114780000002,0.004178048154128575,0.21947281445516642,0.7359739628103759,0.5448288969267115,0.0042960854934144975,0.19513831859694317,0.7030280557208957,0.552647356,0.004770291375857854,0.17787777923386422,0.7653560913259987
Difficult Run,0.991089645,0.216408,0.0871728,,,,,1.954,11.5824,0.39624000000000004,4.589410176,,,,,,2.172609,,,Rhodamine WT,,,,,,6/21/1968,,,DIF 6-21-68 S2,0.7183038002350051,0.0001487161523192449,2.4035045996122526,7.54107161422307,0.7089504777533281,0.0004940565971472578,2.2398938175312617,7.449907639953873,0.7091822056394719,0.0002733962114564603,2.1832647400870706,7.226649431561768,0.5647882716299536,0.008249212527637344,0.02781259501808176,0.7165039234302909,0.5744313131856619,0.008602744554132314,0.03645375996530242,0.8376182716242188,0.5757313340846625,0.008485484134861842,0.03258483983859181,0.7960017489096559
Difficult Run,1.13267388,0.28956,0.0362712,,,,,0.583,11.277600000000001,0.23164800000000002,2.6124334848000004,,,,,,3.21868,,,Rhodamine WT,,,,,,6/21/1968,,,DIF 6-21-68 S3,0.5741879208176621,9.050195545711877e-05,0.6669244672371714,3.764532646468227,0.5744910660116337,9.264440618805214e-05,0.6691424652844764,3.7500169599594497,0.5729333980697247,0.0001916674051972202,0.6359611029525672,3.6296102964870913,0.5267108692559656,0.006121322081928054,0.06081539705581363,0.7543270024733466,0.5264115706473455,0.006330421319974067,0.055998848851060844,0.7516260397144334,0.5219101744992432,0.0062430436677760985,0.04457220843410074,0.6614167029421227
Little Piney Creek,1.376198764,0.39319200000000004,0.051816,,,,,1.3,15.8496,0.219456,3.478289818,,,,,,0.5954558,,,Rhodamine WT,,,,,,9/6/1968,,,LIT 9-6-68 S1,0.673102673920875,0.001649191398468336,0.7254617910536153,3.62942640594042,0.6789362799854908,0.0014393479898907198,0.8085192606108952,3.922982515302399,0.6811280530958574,0.0014572998290327828,0.802137047422316,3.8997455719341576,0.6709020524251915,0.0020395349252650954,0.08760122954936937,0.5766904611659533,0.6748499066666667,0.002185552817801811,0.13213367515642616,0.5177657349872873,0.6681014075999999,0.0029814912660255603,0.14452226482775804,0.3947404338232555
Little Piney Creek,1.387525503,,,,,,,,,,,,,,,,3.379614,,,Rhodamine WT,,,,,,9/6/1968,,,LIT 9-6-68 S2,0.6680246673992479,0.011396409365077005,0.21752084011203618,1.726936522100931,0.6938192795046989,0.008850994103986787,0.35136550703111397,2.2187910764110663,0.6974353429615385,0.008710285546244043,0.3599191100986049,2.2064729203849005,0.6704321155988155,0.016720057267731035,0.09719134975704406,0.7137750843111288,0.6815121616153846,0.016730306706299825,0.10683094557732455,0.7314887473373424,0.6769711397022187,0.016676020956561323,0.09270803764427349,0.6934581562981387
Little Piney Creek,1.557426585,,,,,,,,,,,,,,,,5.1659814,,,Rhodamine WT,,,,,,9/6/1968,,,LIT 9-6-68 S3,0.7993682244071271,0.002110346811419031,0.6580800121784242,2.6165510381376134,0.742700224445268,0.009226251969217437,0.3255373117646889,2.005622345275767,0.8149905412008714,0.00048401275188812736,0.7496786330756334,2.7127489725414584,0.7049470294216214,0.020505662823936947,0.07783557699256098,0.7068074350297378,0.7119185998415458,0.021144171592585272,0.08175012755753477,0.7318734315773932,0.7422956787324322,0.02002475360179729,0.1209847836817354,0.7870075732148102
Little Piney Creek,1.642377126,,,,,,,,,,,,,,,,7.322496999999999,,,Rhodamine WT,,,,,,9/6/1968,,,LIT 9-6-68 S4,0.641130023511382,0.008217778666054925,0.17826443139044754,1.20721145241176,0.6397912530688546,0.008338187918146469,0.16677276769540872,1.1470238889529594,0.6440585494352568,0.007475439601054093,0.17930736364501706,1.1815330467560832,0.672754411875,0.021185329396239166,0.15417132524951954,0.8406449418903505,0.6757444314833334,0.020809549300086775,0.15414957656180228,0.8363362907773678,0.6213083254060756,0.023132895256344283,0.06070798432252028,0.7200167493091405
Lookout Creek,0.026985955,0.155448,,,,,,126,,,0.23402275776000003,,,,,,0.30657927,2,,Rhodamine WT,,0.011,,,,4/22/2005,,,LOO 4-22-05 S1,1.3831441681153847,0.023395974444778714,10.978051490980443,24.486323453523692,1.3877700683431953,0.01717974734846878,11.030676489863893,26.27730716764993,1.3091297644704143,0.007719372034311301,9.3926356023664,22.71252640558778,1.1289010634378698,0.0072613118672983975,1.2055857763453428,0.4595274976214835,0.9153126189263333,0.010261747910474829,1.3248065468689827,0.13960453577688292,0.8372879412337279,0.0019456542125037004,2.3937733838152186,0.13195153135805293
Lookout Creek,0.31006947464999995,0.31699200000000005,,,,,,48.4,,,0.98495803,,,,,,0.212271946,4,,Rhodamine WT,,0.0104,,,,6/11/2005,,,LOO 6-11-05 S1,0.880646439660243,0.0002108667220170064,15.455067052999613,35.78023451823035,0.7905007269040002,0.0008369459426867878,7.807706693264107,26.552222929977923,0.7497541722739385,0.0013449339180181977,4.597937258915333,21.07960642018797,0.78009940155,0.001963727581991868,0.45633316351157716,0.7299305977138132,0.7835665100013335,0.0020198829318613404,0.44423342385608333,0.7246352541785654,0.7558296423906667,0.002054011335742709,0.3951574579230414,0.6589961943043623
Lookout Creek,0.260996379,0.21336,,,,,,40,,,1.2198169152000002,,,,,,0.379160504,,,Rhodamine WT,,0.261,,,,7/18/2001,,,LOO 7-18-01 S1,0.6295176140329048,2.9037057995930266e-05,80.99167012813764,238.74507982118317,0.5967094190597647,2.6292990750791824e-05,50.43266750128817,186.8882816543274,0.6557246363294118,3.8938314771852645e-05,66.64649249557263,170.6735454378556,0.5355084530023531,0.00017127443363982038,0.18904730654411026,0.9036848765696195,0.5355084530023531,0.0001701236796950521,0.1903843356803158,0.8990030358872063,0.6404243948150589,3.477231129046496e-05,0.518980507959825,0.8852102313297049
Middle Fork,0.1598000176432605,0.210000007,,,,,,,3.0000000960000004,0.330000011,0.201168006,,,,,,1.2859968448184849,,,Cl,,1.82,,,,8/23/2007,,,MID 8-23-07 S1,0.8870386552047087,0.006366151461513325,2.475065612786275,7.6731008352648615,0.78518375154595,0.005131935247296702,0.7295935399019084,3.9064815009098135,0.8591289945260911,0.0015673995459750492,1.7450320274642037,5.892713519585443,0.8421253055740906,0.008926640918923047,0.2882084286376812,0.7521831681383156,0.8421253055740906,0.011429361399011,0.2654909153360784,0.7812125903328142,0.8383825264382058,0.008297873805335212,0.2685687899638342,0.7188720401857227
Mississippi River,2633.466771,0.9875520000000001,0.0786384,,,,,0.118,468.17280000000005,5.3340000000000005,2497.233715,,,,,,54.71756,,,Rhodamine WT,,,,,,3/11/1968,,,MIS 3-11-68 S1,3.933703991501099,0.1706591782079434,0.07654132948215188,1.5412414921794801,3.9249802882010183,0.18656369473653855,0.06651581882267804,1.435994793956099,3.9600373622128138,0.15721301872789772,0.09530028791761373,1.7488876980539036,4.1174963899999995,0.23685943914042318,0.08116333704862418,0.8415347647499809,4.063365000138011,0.2220357920671013,0.06657774160901055,0.7983262134107737,4.070591599984372,0.2188487338256705,0.06750159250327832,0.7979455607111644
Mississippi River,2633.466771,,,,,,,0.118,,,,,,,,,96.5604,,,Rhodamine WT,,,,,,3/11/1968,,,MIS 3-11-68 S2 !,4.166407735542572,0.16123416478962485,0.07525347808681512,0.9578756711044001,4.168741344861179,0.16853896189876985,0.07543731635660221,0.9532986403846779,4.167605392296993,0.1775602430256838,0.07307032072376489,0.9460219517400407,4.841030243368421,0.13368557691001606,0.20888375082995586,0.8618060289415093,4.860952178526316,0.1409179132338733,0.2134425156667812,0.8654906040002057,4.7015766972631585,0.24756748824975772,0.1739638652608277,0.8641964802196981
Mississippi River,2775.051006,1.054608,0.0755904,,,,,0.118,533.4,4.93776,2633.8011840000004,,,,,,117.48182,,,Rhodamine WT,,,,,,3/11/1968,,35.31,MIS 3-11-68 S3 !,3.7431089919212237,0.5050282478166843,0.08840646988994551,0.6996310728917585,3.705180318949403,0.5621355104659812,0.07261584036677275,0.6286358825826344,3.7316149335634328,0.5379922951914051,0.08172887491454642,0.6827125559064444,3.6258045879999994,1.3548254461050655,0.05511971861322291,0.7958093741391021,3.6429884959999996,1.3496559443867984,0.056451539628770545,0.7951984096889321,3.6601724039999994,1.2823362154849227,0.057300247286928715,0.7841543916756313
Mississippi River,2973.268935,1.063752,0.0691896,,,,,0.118,677.2656000000001,4.1452800000000005,2807.4555463680003,,,,,,294.50921999999997,,,Rhodamine WT,,,,,,3/11/1968,,,MIS 3-11-68 S4,3.90561753300209,0.4286383187535255,0.010622393952773776,0.25729130031373126,3.9046833941009833,0.44188088048899055,0.01007154340482559,0.2533301116851469,3.9083700348099404,0.42198810276900306,0.010518392560656856,0.2642686028715066,4.019710660831683,0.41643595095140507,0.0362848586005694,0.7447873004051564,4.019710660831683,0.4061407054023162,0.036009808681258,0.7388566298896799,4.002419076405165,0.4186123309329645,0.03166380061324846,0.7187929662316548
Mississippi River,6824.360127,1.240536,0.10332720000000001,,,,,0.118,534.0096,9.23544,4931.81362,,,,,,54.71756,,,Rhodamine WT,,,,,,8/7/1968,,,MIS 8-7-68 S1,5.363243669169052,0.10143486637595497,0.06878513370812378,0.9605950337205232,5.365030724342349,0.09869265617276624,0.06945123770975517,0.9585555687014623,5.367424200435298,0.09723073175617969,0.07059990860181675,0.9692164180717284,5.686360404220207,0.03822420934986345,0.102302545188149,0.7364323486787847,5.69009241014634,0.04298236888976347,0.10195154002635527,0.7416516884007753,5.703593207929641,0.043517870305257715,0.10269721246063794,0.7565868391080466
Mississippi River,6824.360127,,,,,,,0.118,,,,,,,,,96.5604,,,Rhodamine WT,,,,,,8/7/1968,,,MIS 8-7-68 S2,5.436086851581008,0.145308035050172,0.05347348871916667,0.538386451261614,5.439109079318282,0.14601656669817567,0.05499981866189348,0.5476573329813292,5.4378120975032145,0.15323288958656278,0.053227231347829314,0.5342435169873989,5.686310424497952,0.054817243584988656,0.0838884948287819,0.6466171182694209,5.649374096380874,0.0657004613024893,0.07761067163630624,0.6200797649096416,5.785975209992454,0.04281213731623952,0.10117678129105176,0.7125924756795141
Mississippi River,6824.360127,1.511808,0.10149840000000002,,,,,0.118,537.3624,8.90016,4782.611338,,,,,,117.48182,,,Rhodamine WT,,,,,,8/7/1968,,,MIS 8-7-68 S3,5.168738871445491,0.6305325381519692,0.06068890657513917,0.5701979681425821,5.173632956727282,0.6002003888554531,0.06017285769314697,0.5522863249428953,5.177110187249023,0.627107651408333,0.059845062289654444,0.555945184125817,6.107011477913044,0.6196475982724475,0.22556307619362365,0.8391985822781658,6.107011477913044,0.6366594405068922,0.2245041058568086,0.8395371541597278,5.856724122260869,0.6276192580802642,0.17470087768769954,0.8069234982452564
Mississippi River,6824.360127,1.426464,0.0923544,,,,,0.118,690.0672000000001,7.345680000000001,5069.01283,,,,,,294.50921999999997,,,Rhodamine WT,,,,,,8/7/1968,,,MIS 8-7-68 S4,5.513834095173767,0.5625390712962332,0.030855731426389338,0.4531294699636054,5.541322366009033,0.4228998639994618,0.03591156757256465,0.49011386613678065,5.516980454093528,0.5517828844388278,0.030655583052368963,0.4475292357436883,5.639376548129031,1.000835888005988,0.050999352816130855,0.7391725862499658,5.958586541419355,0.7868608383318859,0.1056600749660258,0.8399739879092422,6.225211946281044,0.6890402728124174,0.1540348257362976,0.8691128363717757
Mississippi River,4281.507266,0.59436,0.030480000000000004,,,,,0.007,807.72,12.61872,10192.39252,,,,,,35.40548,,,Rhodamine B,,,0.4,,,9/15/1955,,,MIS 9-15-55 S1 !,2.9817292279113006,0.09623751005861658,0.07385141608905943,0.9528198582844779,2.984999951028566,0.09776162342412587,0.07515400898069578,0.9894802573015072,2.987873974702681,0.09540100173756044,0.0755858393671611,0.9558270681316534,3.5886007723713664,0.09137518614112446,0.24994405680598716,0.8810100380636696,3.585394941333333,0.080948510627508,0.246900116179353,0.8739810182425298,3.1342107015702556,0.09262619733695827,0.09212378994798023,0.7138330377294402
Mississippi River,1495.1295215999999,0.5861304,0.0356616,,,,,0.007,670.5600000000001,17.28216,11588.725209600001,,,,,,35.40548,,,Rhodamine B,,,0.4,,,9/15/1955,,,MIS 9-15-55 S2,3.0066438560236737,0.07424006260519124,0.1741852850333081,1.2157461111183765,2.995630647579654,0.08586630663863247,0.1607421008172355,1.1688191806702293,3.0064398210908903,0.08580907104651805,0.16972724167016956,1.2165579598630258,3.1516778113333332,0.30583322333387086,0.14334429547934935,0.8150685687687583,3.195049524333333,0.22372041111744745,0.15467977440222552,0.785726670077873,3.137220573666666,0.21281695783678833,0.1326126845110565,0.7519245769687402
Mississippi River,1019.406492,0.5230368,0.0359664,,,,,0.007,731.52,17.73936,12976.69663,,,,,,35.40548,,,Rhodamine B,,,0.4,,,9/15/1955,,,MIS 9-15-55 S3,2.6974534575212847,0.06646044064113965,0.1543746142114396,1.2545262930710803,2.6926027075242467,0.07206911627104408,0.14660182454231097,1.2145255741366558,2.7080259667990436,0.05751866171963695,0.16254615200192438,1.2892937287055573,2.672982608592593,0.2567457341755431,0.07318251745234608,0.759678617387664,2.737236998222222,0.22044810129121872,0.09456391870153331,0.7716030518792139,2.689162468867865,0.24847794584215635,0.07382304100067229,0.751876853113395
Mississippi River,3398.02164,0.37368480000000004,0.042672,,,,,0.007,731.52,24.810720000000003,18149.53789,,,,,,100.58375,,,Rhodamine B,,,0.4,,,9/15/1955,,,MIS 9-15-55 S4 !,2.5380435693432895,0.1459335563742346,0.048382049723316875,0.7072709554386492,2.5289985245829327,0.15021392943833317,0.042386290588334916,0.6623667142203636,2.5332962703665514,0.14778333151763182,0.043331730060999794,0.6472774761545764,2.6124623558282205,0.2818533709428764,0.06947501921451135,0.83317063866771,2.530796076093616,0.303945189589321,0.03737079050952812,0.7525611707935145,2.564083423312883,0.2862021035771663,0.048552278668470276,0.7871756813033592
Mississippi River,3398.02164,,,,,,,,,,,,,,,,100.58375,,,Rhodamine B,,,0.4,,,9/15/1955,,,MIS 9-15-55 S5 !,2.606387004359764,0.04811167125356701,0.14783735499311568,1.1109253702588684,2.603831597808444,0.06090406895685388,0.14710352529199322,1.1219851210395981,2.610121298445149,0.03383045326938064,0.14661617209198066,1.0824346706769488,2.3820523399191127,0.4468093401300828,0.018572359561430787,0.7487109172300948,2.3916346304787717,0.42920214604959994,0.020215365661239274,0.739956467099486,2.3896683499645492,0.4411437102041025,0.018002768129772476,0.7334227974187961
Mississippi River,6796.04328,,,,,,,,,,,,,,,,147.737412,,,Rhodamine B,,,0.4,,,9/15/1955,,,MIS 9-15-55 S6 !,2.7918250701131475,0.056997019172460674,0.40373718540058434,1.9229811032820352,2.7110697994900397,0.06244087079117691,0.2905373455026841,1.6514264410650437,2.741359589365522,0.02336137433188628,0.3163706545538448,1.6700251954812033,2.372332844466071,0.4066610536444131,0.01887079156935813,0.774130665135419,2.379496645472871,0.39738449717167773,0.020395237476216414,0.7737529238463976,2.3736068217588264,0.38876251583568616,0.01692506574914607,0.7313786824648365
Mississippi River,6796.04328,,,,,,,,,,,,,,,,204.708048,,,Rhodamine B,,,0.4,,,9/15/1955,,,MIS 9-15-55 S7 !,2.285839506272404,0.2518816272394004,0.013036107128893607,0.28236155592789264,2.288001238669613,0.23775216431875665,0.013341978971674889,0.2863875841879246,2.2880230397864967,0.24145414142226315,0.013129298964437423,0.29178902934426254,2.3016347432485325,0.3434333803657993,0.023585019950200143,0.7062176258347646,2.2975715795279688,0.38474710557123176,0.022012533793520764,0.7121768805835964,2.3211524120330576,0.3337063442484259,0.029505834914423792,0.7254878648164167
Monocacy River,5.38020093,,,,,,,0.5,,,,,,,,,10.299776000000001,,,Rhodamine WT,,,0.2,,,11/14/1967,,Small water samples were collected in glass bottles at various time intervals. A fluorometer was used to determine the concentration using samples of known concentration.,MON 11-14-67 SC1,0.870236269058609,0.0023266110068820823,0.2468391379107393,1.796839856344677,0.8687108265785689,0.002683370521942461,0.2366615685718444,1.745534297525734,0.880226048059743,0.0008424236139832608,0.27415702488120786,1.8109661506594774,0.8574536279809111,0.018604661241900414,0.08867500708102197,0.7752534151584377,0.8652469349778005,0.01714457446149395,0.09610890593953478,0.7728877737697049,0.8560749052235034,0.019423306050077062,0.08246361812259292,0.7704023595904467
Monocacy River,5.6633694,,,,,,,0.6,,,,,,,,,18.346476,,,Rhodamine WT,,,0.2,,,11/14/1967,,Small water samples were collected in glass bottles at various time intervals. A fluorometer was used to determine the concentration using samples of known concentration.,MON 11-14-67 SC2,0.8378581724459762,0.009160562354258533,0.12058497708805566,0.9819299450223197,0.8391387745965079,0.009146959779018221,0.1221389780083831,1.0010645927310913,0.8236808682692198,0.014314459281281961,0.08423037323091939,0.8208562762107013,0.8364397710260869,0.029185226963119586,0.07962659512029424,0.7719095946406238,0.8325311739652173,0.029138645113594014,0.07300434505808515,0.7563419449993424,0.8286225769043477,0.030482901041145948,0.06650913760823154,0.7470845063695533
Monocacy River,6.371290575,0.262128,0.0521208,,,,,0.5,48.768,0.5516880000000001,26.904720384000004,,,,,,26.795510999999998,,,Rhodamine WT,,,0.2,,,11/14/1967,,Small water samples were collected in glass bottles at various time intervals. A fluorometer was used to determine the concentration using samples of known concentration.,MON 11-14-67 SC3,0.8421757197971623,0.022971971940754222,0.08594436490545845,0.8063258175311602,0.8383712132014769,0.02658446116731414,0.07948544157758167,0.8014563264690296,0.8360867801729182,0.026609911735190086,0.07246757339961574,0.7539521930289759,0.8163290269448041,0.05602474488454705,0.04475703159167339,0.7937949522868217,0.8264050833705882,0.055624952179491295,0.05410235228449227,0.8162783719748612,0.8189843746410729,0.057173070127543885,0.043101709761852146,0.7926318979310691
Monocacy River,7.64554869,,,,,,,0.3,,,,,,,,,34.278942,,,Rhodamine WT,,,0.2,,,11/14/1967,,Small water samples were collected in glass bottles at various time intervals. A fluorometer was used to determine the concentration using samples of known concentration.,MON 11-14-67 SC4,0.7839005475609304,0.05416053957613732,0.009547065338700981,0.20794340863264216,0.7952882072369879,0.047138662982992775,0.01823825095288033,0.34625011508081455,0.8009875378406358,0.041890981056532266,0.02257159535461505,0.37952128721512135,0.820746940840909,0.05485312958792107,0.05148343679498067,0.7874028106487343,0.8087989633109126,0.057702185389833356,0.03616978997670795,0.7417746334705375,0.8174125715101409,0.05382499632610853,0.043695434604222406,0.7557593630673229
Monocacy River,8.098618242,,,,,,,0.3,,,,,,,,,7.483431,,,Rhodamine BA,,,0.3,,,11/14/1967,,Small water samples were collected in glass bottles at various time intervals. A fluorometer was used to determine the concentration using samples of known concentration.,MON 11-14-67 SD1,0.9700798384450411,0.001318993164123046,0.49153206764860846,2.0482857707836697,0.8819613359624093,0.014280213043762601,0.15737278071258254,1.0645057655177863,0.8786095081609563,0.015655402601979958,0.1414473857527536,0.992100733604294,0.9248689223666667,0.021367720137374032,0.1420852616324907,0.716347577241967,0.906518368806161,0.022127345590860666,0.11771109445206963,0.6715336013573701,0.9248689223666667,0.022518618152135114,0.13476032760418372,0.7103832139369272
Monocacy River,8.353469865,,,,,,,0.3,,,,,,,,,18.829278,,,Rhodamine BA,,,0.3,,,11/14/1967,,Small water samples were collected in glass bottles at various time intervals. A fluorometer was used to determine the concentration using samples of known concentration.,MON 11-14-67 SD2,0.6863065121407469,0.005572320103616949,0.1029210790425553,0.7272609709566562,0.6823441472860741,0.007026740251160886,0.09303987531454878,0.6864683977566077,0.6747746495465168,0.009835200615569422,0.07643921203870553,0.626579777771959,0.681314201056493,0.026505750167427417,0.0801970715656594,0.760015340080994,0.6840501240561612,0.02586930441843598,0.08232996745313324,0.7618351222429663,0.6840222197586205,0.026524925914112207,0.08001159575996185,0.759080468385553
Monocacy River,9.34455951,,,,,,,0.6,,,,,,,,,28.16345,,,Rhodamine BA,,,0.3,,,11/14/1967,,Small water samples were collected in glass bottles at various time intervals. A fluorometer was used to determine the concentration using samples of known concentration.,MON 11-14-67 SD3,0.6977094245476645,0.03390355290797121,0.029341393242792134,0.40535163066900487,0.7009374459815573,0.032576867741817055,0.03179482901257615,0.4214418457854725,0.6958187354574502,0.03747239191348145,0.02423216819801452,0.3697425363591385,0.7102003077351602,0.04812391485211013,0.05035670975922373,0.7779010898899112,0.7101997793902438,0.05128983322881615,0.04993992301063198,0.7854898347934478,0.7068251578867842,0.0493018910473172,0.04246056259290559,0.7467323322135653
Monocacy River,9.486143745,0.15849600000000003,0.045720000000000004,,,,,0.3,92.964,0.713232,66.30489965,,,,,,33.79614,,,Rhodamine BA,,,0.3,,,11/14/1967,,Small water samples were collected in glass bottles at various time intervals. A fluorometer was used to determine the concentration using samples of known concentration.,MON 11-14-67 SD4,0.7132348624120478,0.028452100948965713,0.027863915320206267,0.3266180685386833,0.7142702446244653,0.02730063295010731,0.027910989271878645,0.32231870064468415,0.7215733373295957,0.02219420124506931,0.035322752889935284,0.37127070185066524,0.755554954875,0.042456937685276225,0.0892557705761093,0.8088793785361553,0.745204887,0.040998713198184426,0.07335870632095833,0.7766115166662702,0.80730529425,0.035630677270438046,0.15384147369062318,0.8534583988576827
Monocacy River,15.57426585,0.478536,0.0682752,,,,,0.6,37.1856,0.789432,29.35550258,,,,,,10.299776000000001,,,Rhodamine WT,,,0.2,,,6/7/1968,,Small water samples were collected in glass bottles at various time intervals. A fluorometer was used to determine the concentration using samples of known concentration.,MON 6-7-68 SC1,1.4776025178656447,0.014119928101946762,0.2730126839692774,2.1549575633625166,1.4857188973919453,0.0132746861072395,0.2968432552754306,2.247435713137764,1.4916539005064584,0.011688153685507416,0.31344429503099225,2.3115143669361573,1.4909586909532122,0.03634143711521139,0.10879699905035864,0.7375042267858518,1.4935265552207186,0.036255793218370094,0.10820782521560915,0.7348043218868461,1.5491149208888892,0.029080480531993875,0.14850804868016299,0.7658525528682225
Monocacy River,15.14951315,0.31699200000000005,0.0749808,,,,,0.6,49.9872,0.954024,47.68898849,,,,,,18.346476,,,Rhodamine WT,,,0.2,,,6/7/1968,,Small water samples were collected in glass bottles at various time intervals. A fluorometer was used to determine the concentration using samples of known concentration.,MON 6-7-68 SC2,1.4569587580702834,0.012645263530721457,0.24172646234599549,1.8784991150145351,1.486810062402713,0.0025024836655772927,0.323296929676944,2.1367411296000203,1.4839471448825954,0.0025562847030457135,0.31066027361478127,2.0703642316116286,1.3886272334859462,0.05986509191934164,0.05161522015645001,0.7221038443982255,1.4343976419705888,0.0541445379302526,0.08238396382372419,0.7871941569143609,1.387429768423818,0.06268542300760173,0.04589016065855952,0.7109280423798376
Monocacy River,15.85743432,,,,,,,0.5,,,,,,,,,26.795510999999998,,,Rhodamine WT,,,0.2,,,6/7/1968,,Small water samples were collected in glass bottles at various time intervals. A fluorometer was used to determine the concentration using samples of known concentration.,MON 6-7-68 SC3,1.520751298236146,0.009857911121762377,0.346552133180909,2.2378539819732683,1.4444242484901697,0.033228984164988255,0.16569108275559455,1.7150915055597575,1.4780983942519759,0.01853665307661341,0.23509858507479633,1.9204806476675067,1.3798119946535925,0.08082607592094396,0.03267887834141195,0.7676832784567733,1.387259778018819,0.07878723404844176,0.03580974995375783,0.7718594193351977,1.4019687928045823,0.07830495662953031,0.04434728133212197,0.800830369198829
Monocacy River,18.54753479,0.618744,0.0435864,,,,,0.3,51.2064,0.649224,33.24442383,,,,,,34.278942,,,Rhodamine WT,,,0.2,,,6/7/1968,,Small water samples were collected in glass bottles at various time intervals. A fluorometer was used to determine the concentration using samples of known concentration.,MON 6-7-68 SC4,1.370250804579026,0.05296948041995035,0.05503683091059553,0.911962362038473,1.3717412418668966,0.051577970269995964,0.05289898428123295,0.8928172411362288,1.362986559686686,0.060925829325896144,0.04157609819319714,0.8085548859367493,1.3997234650000006,0.0769903214517262,0.0585677209900829,0.8153585380347511,1.4062338066976752,0.07523184912906218,0.061564535568995014,0.8165955139090177,1.363982201541548,0.0782667576866058,0.03007300002469104,0.6923772733037086
Monocacy River,20.388129839999998,0.618744,0.0435864,,,,,0.3,51.2064,0.649224,33.24442383,,,,,,7.322496999999999,,,Rhodamine BA,,,0.3,,,6/7/1968,,Small water samples were collected in glass bottles at various time intervals. A fluorometer was used to determine the concentration using samples of known concentration.,MON 6-7-68 SD1 !,1.6534043125089959,0.012352848202684301,1.1853489936431416,4.505814842098049,1.68798200844,0.004047792204761203,1.328052857136746,4.560650289893343,1.62823043291981,0.0033950635929078676,0.9683481213603848,3.847949580178475,1.4856226459982091,0.07441316207989565,0.12050506681461527,0.8857168765085848,1.4782656943599999,0.07638157210923384,0.10640573232160136,0.8913481434231114,1.4766572390077177,0.0767142502754756,0.097410791257202,0.8860446572210476
Monocacy River,20.388129839999998,0.35052,0.060045600000000005,,,,,0.3,59.436,1.2192,72.4643712,,,,,,18.829278,,,Rhodamine BA,,,0.3,,,6/7/1968,,,MON 6-7-68 SD2,1.3227675433754753,0.0032078244053008447,0.3647364049744324,2.358536973635431,1.3191984622930646,0.003928997890275954,0.34521103973881256,2.3156601760235427,1.317405786755207,0.005243959445745317,0.3418130348361059,2.306284498976107,1.2432443649156624,0.05536130849965012,0.06525431242792183,0.8580874991154726,1.233965218234649,0.05384618166255192,0.05494742614630555,0.8266007584889263,1.2365070191461087,0.051626759910765666,0.05477315323709702,0.8096202496911563
Monocacy River,22.08714066,0.5913120000000001,0.0676656,,,,,0.6,48.1584,0.7802880000000001,37.57742162,,,,,,27.761115,,,Rhodamine BA,,,0.3,,,6/7/1968,,,MON 6-7-68 SD3,1.3187820432534043,0.02588682617306393,0.11845545029914678,1.091764393068009,1.31548022589258,0.02902380333089405,0.11242728900533747,1.0787986356191277,1.307990034569715,0.034535963612843945,0.09925138255586875,1.029910464881295,1.2962956449847733,0.07913701324753802,0.0587907496240562,0.782810059931891,1.3170125329772726,0.07635458898325327,0.0723863212572927,0.8056014772759763,1.3056573488756797,0.07566964086293625,0.06147820763200358,0.7774175347551286
Monocacy River,22.08714066,0.185928,0.058216800000000006,,,,,0.3,97.536,1.146048,111.78093772799998,,,,,,33.79614,,,Rhodamine BA,,,0.3,,,6/7/1968,,,MON 6-7-68 SD4,1.2481022900573826,0.03395041605139671,0.05191832676976687,0.814240827288494,1.2532415539926156,0.030421362375224286,0.05722802903137017,0.8436927099253263,1.259151250659583,0.027688190158838274,0.06479323081432059,0.9007077518979233,1.2766338266181818,0.051372976280730925,0.05940887795806871,0.7796143827909603,1.276741499907856,0.053846796134109344,0.058449481216433535,0.7865942986284804,1.324808688,0.04624688989131486,0.09505164219876149,0.8342163650700067
Monocacy River,3.058219476,0.20726400000000003,0.0134112,,,,,0.3,40.5384,0.32308800000000004,13.097470579200003,,,,,,7.483431,,,Rhodamine BA,,,0.3,,,9/25/1968,,,MON 9-25-68 S1,0.4508106874989797,0.006659771393948933,0.10690657040851731,0.5327387362271094,0.45081068747647063,0.0065503717317319955,0.10467548473556616,0.5224749812212843,0.42486933968720925,0.01626306320166491,0.03609463133387649,0.24858125115757448,0.5370902448882354,0.0031326115741725025,0.2779590988173495,0.7423017108102739,0.5219913223411764,0.004497286749954177,0.24375865510085132,0.7301140890460032,0.5521891674352941,0.006724877569377537,0.31078143725079527,0.7845970566133358
Monocacy River,3.199803711,0.16459200000000002,0.041148000000000004,,,,,0.3,33.528,0.57912,19.41673536,,,,,,18.829278,,,Rhodamine BA,,,0.3,,,9/25/1968,,,MON 9-25-68 S2,0.3385120398119565,0.0032352629189634306,0.07301747547913526,0.32208917456633696,0.2959305996390004,0.0236066304494678,0.009309943556858645,0.10816255342647345,0.2966266146138051,0.024100919858055424,0.008761168516747651,0.10356611062488962,0.298591160034375,0.02643092911819522,0.026883188594342675,0.6105272473969836,0.3003533281303531,0.027076828537539187,0.027321929911782894,0.6159380266027505,0.301592076215625,0.027416854368076473,0.027434511707110615,0.6239774757895868
Monocacy River,3.454655334,0.25908000000000003,0.0402336,,,,,0.6,49.6824,0.27432,13.628875968000003,,,,,,28.16345,,,Rhodamine BA,,,0.3,,,9/25/1968,,,MON 9-25-68 S3,0.3314644388432531,0.033571022127212975,0.010163474178245886,0.1056446959411457,0.3310597330870097,0.035643088522629665,0.00900265567608589,0.09856804129429216,0.3342897777844289,0.033253679477413825,0.010501072774903947,0.10756274757379787,0.3658628644186047,0.03934419723497002,0.10669778244321995,0.8157014410598092,0.351420909244186,0.04100019409955626,0.06671863194489965,0.766979430281952,0.348211585872093,0.0433893481949927,0.056402708726582866,0.7543382361746709
Monocacy River,3.5112890279999998,0.19812000000000002,0.0399288,,,,,0.3,31.3944,0.5394960000000001,16.937153222400003,,,,,,33.79614,,,Rhodamine BA,,,0.3,,,9/25/1968,,,MON 9-25-68 S4,0.35044759766683886,0.020705141374683746,0.0144215838720823,0.09068031340241728,0.3491707464610783,0.02371577905123157,0.013114303369476568,0.08586271169797405,0.35071347978062634,0.022314904631443516,0.013718364048627965,0.08809448473009678,0.42320277533333334,0.020745181971400874,0.19242542922952277,0.80464101488708,0.42487551357575754,0.029274630064480753,0.20255534334465294,0.823886428021536,0.3646569368484849,0.034241586233933606,0.05727344665103105,0.6682987158078193
