"first order, semi-infinite-conc",,,,"first order, semi-infinite-mixed",,,,"first order, infinite",,,,"power law, semi-infinite-conc",,,,"power law, semi-infinite-mixed",,,,"power law, infinite",,,
v,Pe,beta*k_hat_f,k_hat_r,v,Pe,beta*k_hat_f,k_hat_r,v,Pe,beta*k_hat_f,k_hat_r,v,Pe,beta*alpha_hat,1-gamma,v,Pe,beta*alpha_hat,1-gamma,v,Pe,beta*alpha_hat,1-gamma
1.0794747447900057,912.0702530520593,2.4136903332102095,20.72731593935728,1.0339023979892175,494.45193557043876,0.9048872223182394,11.632568188024536,1.0344721464637339,514.3897029615956,0.8612824912204377,10.851864483870388,1.082129148730273,434.02872472634067,0.16474959506442835,0.23472319061581653,1.0609535163975308,415.3219596376759,0.14424756834899202,0.2923296524045474,1.0625218375480148,422.7707185485492,0.14570879509823556,0.30058963056793275
1.2386623412468702,2036.049315235018,0.4362753936855604,2.629863655662204,1.2390090096077253,2006.980432584021,0.4245670674846199,2.762442173114898,1.2404964266432683,1988.100320368633,0.463730405171253,3.093704613632384,1.269317088295744,3475.1623919086023,0.18968280580684735,0.49204004065784734,1.2735127725867958,3479.9484570006475,0.18312425150974843,0.4601335308247926,1.2724689973887184,3358.9205619247796,0.18071042243070795,0.46390844331716014
1.2222250764347875,2127.355745138662,0.5066328149552589,4.057111837629296,1.2205751847909,1959.3328531243167,0.43193845218759147,3.0285567455555307,1.2224782090511812,2025.267505046409,0.4851749874637444,3.7210642218554337,1.2555061083543224,4086.762882427085,0.208248066534704,0.47599073995384633,1.2588843223748774,3960.7769401556943,0.1938523411025937,0.4430957871774064,1.2591598423517774,3942.0453227185662,0.19899696911376644,0.44960036974123785
1.2076914619569505,2145.067665556037,0.4688270614018096,3.0302345910774515,1.2094321944745012,2227.4622293810758,0.5153160982246422,3.4460323290970263,1.2088966550611697,2153.3152293448074,0.4539651687759765,3.5296377333023496,1.2437922501052887,4012.4965707748424,0.20149453869489883,0.45933923868221016,1.2449127726474651,3943.724293041596,0.19373556909855386,0.4463450908985658,1.2428663436768415,4012.89829590209,0.1971385212739066,0.46259405728836783
1.2049779218766532,1970.2311645907307,0.563593500899347,4.308112851831588,1.204804016210122,1910.6013938011083,0.5488659887089058,4.081828440564492,1.2048791960368208,1900.2426274565191,0.527645666571273,3.885347972024625,1.2466611724002767,4172.037558020144,0.20884207501952412,0.417951318690867,1.2439332811988033,3070.521198640237,0.207805064836312,0.43681995498573367,1.2396420539832078,2727.1964270398444,0.20926259280574036,0.4619789930538219
1.1907668267814386,739.8408903837978,0.5827355827699605,12.499042102388767,1.1936460209333997,746.1835674134009,0.6132871544921911,13.538812300896609,1.1939726034813776,736.3812076275934,0.5812047187028058,12.92720586343669,1.2444744172897797,734.8394416113348,0.1202349014335175,0.21194357669687158,1.2127150563398497,683.0771021038163,0.09658016382508854,0.32042430405853,1.2418649179266954,755.2927100487773,0.1157071943044693,0.22687081738078532
1.2690399096263678,970.5438098874172,0.4416333390443631,11.34683911747767,1.264946036945439,897.5925044234144,0.3109739446530747,7.013997883200142,1.2649724824643276,860.5183700250444,0.27349416522886366,6.27307769872588,1.2875066531374648,1045.9258969110113,0.10958407590623119,0.4212527514522131,1.2939142410060662,1042.8872248886298,0.10649634069718616,0.3760856664233068,1.2960228388765502,1127.8121493321157,0.10244198337768462,0.36097640985317186
1.2258585032956224,1454.6167650621035,0.4508309994784042,12.395951269321152,1.2234164941760919,1302.375898236596,0.3444383057094509,9.625571906947568,1.2289002552023343,1482.7098445525353,0.49348965264461525,14.197797498078632,1.2702616774441065,1572.6915554049283,0.09488707157084625,0.2175091964503786,1.2690469524135377,1761.6384264683982,0.10258708709435253,0.24954002088228633,1.2654112416533674,1587.9472893863128,0.09204067864593858,0.24217128463005672
1.2326103029015583,1270.9367940199763,0.28123128009304804,3.8394391007817554,1.233903525558582,1275.571506365345,0.2858871317788259,4.227004804137666,1.2374536056831729,1308.7839755920968,0.3286562559590641,8.272377770732131,1.271557204451749,1992.3142726020442,0.11248647307051023,0.33441532828593146,1.2492941294400854,1512.326114519501,0.11549156469298681,0.5185101602277216,1.261087945464843,1664.740310896723,0.11197153206860318,0.4119885958848039
1.2316245960611079,1622.9889767079706,0.5236416726426448,16.207352138121788,1.230641265886087,1544.5818893089508,0.4637017618725733,14.197290487544642,1.2330383039233217,1611.2023864372845,0.5232923909827957,15.953007287903135,1.2752757007705635,1927.250270051665,0.10172751018045054,0.23044770262607261,1.272989589239855,1996.3613640281944,0.104155353584692,0.25048464517676894,1.2679366811347184,1930.0003213115276,0.0999697638535037,0.26921817003676674
1.2058193572350324,1766.0208580179835,0.38106425448618214,2.8063553137256823,1.2079190318496116,1826.6858118560715,0.4049043487643151,4.775959513416874,1.2075377177110198,1788.6907390706751,0.35871789128052606,4.007756338595913,1.214061828174374,1844.0237198798145,0.15658134469576843,0.6517052282991774,1.2248345054990941,2391.9626065188263,0.1602061445650834,0.5414027751185697,1.2248731542980018,2495.6168263912514,0.1610835981811062,0.5482517356604922
1.00146861227749,1852.4498936605507,0.4320630413020679,4.427644522806069,1.001713201662579,1860.7184954019851,0.3957918552352166,4.055006428184746,1.0001127841164275,1744.5633869818528,0.3899597363411204,3.7047050030370148,1.0141317020483682,2248.540317896266,0.19601991349941666,0.6223769936346149,1.0066767105228103,1887.8243186485495,0.1893856188914951,0.6636646459847318,1.0099215563316306,2057.563969215318,0.1935176304316139,0.6664336750654077
1.249592313151732,2145.7006162169682,0.4617484879008041,3.584885679465685,1.247390258504526,1958.3520918139084,0.41339030465737925,3.4138563701805333,1.2474236215837162,1927.5468775437566,0.40107045543668013,3.3821058923061234,1.2851897448682852,3375.848645475197,0.17888125714364106,0.43117312790448964,1.292331472921203,3558.192730786864,0.17270763517971485,0.3892977077011147,1.303234254719453,4113.789078296021,0.1715508668947204,0.34271785140872774
1.7037693485167056,990.7060588917373,1.8169115505728028,9.358056668395559,1.7051879676287767,962.8747636552048,1.8085719674298804,9.308683819420475,1.7187272664563489,1233.6057871712135,2.0033179714275207,9.963242755646982,1.8428514229331117,397.94748060061556,0.34664069501471706,0.2580427880449015,1.8428514229331117,503.13947731504476,0.36064974691089025,0.2825123968472247,1.7927319121196867,391.4257656459995,0.31607413993231437,0.3045074238354524
1.6625999500592694,856.4384124952579,1.2000232639857336,19.66089532730137,1.6485381687913057,751.6938520688016,0.8255077758934961,15.527946302925377,1.6632454857907388,839.1380200515562,1.113143454365931,18.603667889569408,1.7084574028108621,629.6484225467522,0.11746213897230012,0.19961445605939493,1.6887822180268235,620.8060120243001,0.10575412151328357,0.24018445132976374,1.6910564879369008,623.5736226260474,0.1058502477487343,0.24219928776454344
2.0877724535836926,15251.073169650079,7.439236780342757,57.48144414761168,2.0800721713591903,10984.675030400438,7.034051277571494,56.072623840519,2.079074654469676,4729.577908657384,7.436899093787704,60.59548078496874,1.9105267807195794,791.7363919393783,0.05083988405181067,0.25402452502498774,1.907317292152575,749.7602218608849,0.04482965818049628,0.2557829143453179,1.9285252445277559,799.0037339640935,0.05737783798149415,0.20803409571322629
1.8857857240138647,1699.019965263656,0.9528416601962969,26.164924601428957,1.8818639370742762,1522.6783263293003,0.8153561610758879,24.82647368549963,1.89166308661884,1728.1965040466189,1.0708203251193946,28.419720856560275,1.922464368455052,1360.0200518635095,0.07965056438879049,0.2067637197092308,1.9222559505331573,1370.2335525849471,0.07966975331445439,0.21321398328903993,1.9417834171727006,1435.8246953980654,0.09385336576993077,0.1974416531105411
2.477973561905515,2777.922079549581,1.8272182252169553,6.522661366499819,2.4747516206660567,3893.1602681963263,1.7117509917138725,6.243477785106221,2.648825991565498,10945.659848796422,2.0119041725156173,6.35553812943412,2.585114148457044,333.69988291758534,0.41355178766894046,0.3823477016903667,2.5941600000000005,870.3190561214184,0.433577414646916,0.4298356282919063,2.6301900000000002,478.63649991017405,0.45919537152227574,0.4006017368482802
1.7802219843237022,927.1957907225033,2.2239477467707593,23.098725389920645,1.7624796249231192,855.9550967715288,1.7274726351249547,19.236997206537993,1.7459612169003202,656.6388456486391,1.3017072968175052,17.589427651228384,1.8030446244871516,488.9917164083808,0.14405426494956808,0.1974616232675358,1.7947737775858343,486.2352830942054,0.13764992339698606,0.21171067593088905,1.769961236881883,449.40018186743015,0.1170581886437931,0.2394386194250656
2.0059104770011675,1319.967391469222,0.7459224784850976,13.800322082979157,2.005350298160523,1247.5273663752025,0.7031407269122822,13.370431000554877,2.0053389113446003,1232.0544601810536,0.6715588411490315,12.66263982956734,2.109473163087235,1331.4866884742928,0.1407431278045626,0.21570918560692595,2.109473163087235,1245.7812929364231,0.136192868601227,0.2092900673429582,2.0691581646289716,1307.1901662401144,0.13219069559006916,0.30630089849540354
2.0033638700138128,10154.432847902779,9.20134291132421,81.74791236438554,1.957607481114932,3623.6878398257777,6.923432941822042,80.87718814173361,2.0116155002489293,14165.023575779232,9.627509431126809,82.22896311038573,1.869297981627687,1136.0336151807599,0.047697230673502414,0.1345130707379767,1.8679652750211355,1165.0914273749004,0.04930685132150796,0.1611312870528489,1.8610535890862547,1122.191105080352,0.04289503519357063,0.17090463042442533
2.3790458795107345,5690.6425162837395,2.597505227426905,11.1421075611242,2.380405783079418,4449.3524764287995,2.6115975409904597,11.281956795503534,2.3758461878873947,2175.3847902275766,2.5645565660178895,11.364082211210716,2.3985661296239997,266.456592918481,0.29607787943732283,0.26472755867271275,2.3985661296239997,263.4312670459228,0.2913814029410502,0.26881518575316854,2.3985661296239997,252.40101629018952,0.2830894557522565,0.2676260692060635
2.29624553595806,1010.5002630397491,0.8301288923681005,22.81368161525263,2.3060321142641507,1067.9070231657174,0.9929503672432214,24.738768134345886,2.3427053761522503,1351.15202476359,1.8731543095300478,34.06683565899452,2.3492713289002634,876.3971737111694,0.08148591641480568,0.19165069852658814,2.341084318366139,833.7591933504881,0.074004198131632,0.19606914149458654,2.3742677722105263,896.8413278353322,0.09139602666221114,0.1727780051733223
2.2569461814573604,1617.911147966211,1.1994990449470744,32.358134650006406,2.2372730194662878,1361.2943344449268,0.6522016574527548,21.939314176453777,2.2384874924881917,1362.4202759677707,0.6396628563948131,20.871982308521225,2.2858955269665167,1266.1046554632371,0.07449290331684513,0.20881094900057973,2.2878511585790737,1291.0053154850789,0.07680290743263421,0.2169240582583451,2.2754955911698853,1233.551383102523,0.06837813368128451,0.23636512006592236
2.115314292454479,1897.0306080572298,1.2307269300666919,39.757837835930125,2.120651668652215,2050.5313241268946,1.3589752529153643,40.70189610762796,2.1787928114699735,3406.3411496628223,3.780721341332556,62.06684439823271,2.156423164539082,1436.4117244764552,0.06524309870255172,0.13626824741485197,2.1568753697396352,1428.8522903992643,0.06512381967599254,0.13907094341925608,2.1475403379029028,1469.2250429562357,0.06104801314476954,0.1599626500893857
1.7463921615639175,1418.7968316167123,1.3722477091137883,11.33575351265761,1.75001912464562,1481.4609483004606,1.4189778257473529,11.761244118224182,1.7497328885933912,1438.0447690285928,1.3874935836023123,11.522727870808197,2.053115505,2852.317643363949,0.3828394096487636,0.1896110863454959,2.053115505,2758.868197042727,0.38159883077367635,0.18932674456824533,1.9770741899999993,2338.483476785162,0.3380673420775278,0.2216877124554014
1.852046617315759,1082.459278336456,0.7127522411817322,21.951142036067775,1.8564975083147461,1121.9274024625568,0.7799230345125608,22.825912439555076,1.8679774080119742,1225.5931530549055,1.0344786227448803,26.115061670605314,1.8855600876764653,922.2738943382413,0.06826909933664263,0.1999581199781965,1.8999093999085046,996.2539861931441,0.07992534736439914,0.1970516266087743,1.8646366614417338,890.8636742408834,0.05813713788939648,0.28929050958718283
1.8108665333300393,4237.439703718554,3.0072907199421386,51.62551095710308,1.8117938858381504,4339.815493386434,3.03672742339053,51.91140986022342,1.8046125808437472,3750.0290986144787,2.669229763035969,49.60838161415157,1.802486702160799,1535.832849809241,0.07201281947724655,0.16586554840873727,1.8015756602406694,1517.84392887218,0.07045523815615061,0.16492366655856366,1.7987613659065287,1458.614574236929,0.06552218516219731,0.1633698313003963
1.6247294999716906,2057.1832994871393,0.16560128464010745,1.2387117147212992,1.6253451560006489,2037.982801441872,0.1475576165947896,1.0969226977633861,1.6276441057815643,2136.500147281346,0.18283358797771776,3.3957352705559414,1.6272420349200059,1982.5767610140713,0.0835779502283421,0.772839757251969,1.628587609283191,2036.777841893434,0.08233495049085557,0.7569153555968097,1.6400255532233863,2451.8839051674886,0.06464876870508857,0.49292932912655457
3.4511172214085732,4955.712666728543,4.728228303167208,28.78531496608467,3.2138701861315555,725.2104639064082,1.6321017983289705,19.056464356357154,3.3005169723749415,1108.7265389531985,2.6441478930361115,23.429414766104088,3.1893165188149197,424.8511863048871,0.10933802591337918,0.2623794483076476,3.219138328962924,396.3913496163005,0.10809620496873826,0.21501081683471232,3.180101252724183,396.1146158542666,0.09638121706541984,0.2732836484818598
3.031447562815514,3381.7388363788855,1.569416879765203,36.79895904332446,3.059715663272473,4909.196418092658,2.318742777929272,45.64698282412019,3.033011774960337,3162.9958066091813,1.5822025626445027,37.87580369131543,3.1251605612841997,2350.6963215105466,0.10401346047316755,0.16867713109388588,3.1345875778920007,2406.5463804214405,0.10655103365453869,0.16301686637901858,3.1169744243899764,2275.4687480895336,0.09871313935827948,0.17225557902026326
2.9056715705504357,3554.680513491866,1.7688135286231015,44.527138976318845,2.931021280552122,4950.024688324814,2.516499861328429,52.04706086066934,2.912126781991277,3988.5600704556714,1.897976168819851,45.593280875766695,2.9449194388750772,2118.7457844501487,0.07586632217775101,0.1743874955799101,2.957899818548978,2193.7397269427624,0.08108208499264635,0.16756653159893997,2.9602930853711946,2214.107817964173,0.08362679972318843,0.17420845094999374
2.781125077742489,2233.4209758403003,1.1165916158003055,9.448305943230615,2.783517383409954,2273.7032005354927,1.1388630246847313,9.358762537888998,2.7826370380131085,2246.8087038034464,1.1065730666740612,9.274360804953613,3.842423945177495,11173.122697310206,0.5598942742202659,0.10463368531412011,3.855953606956289,9862.35096932232,0.5638026843708942,0.10324066268560332,3.9777205629654353,5016.604571212358,0.6020286533377964,0.09261038288846835
2.7442457261813393,2947.35895785317,3.5070516265395604,7.519421393030145,2.735586877447046,2375.276977296501,3.4319104097521325,7.418168049063372,2.7447990150611936,2967.3514618162785,3.4950207856626365,7.490090940128091,2.232898326235242,53.5851979737957,0.2002531819779655,0.25450658156246686,2.244408111422022,46.78556410096675,0.16292856562772068,0.1920854443508434,2.232898326235242,50.01382722565209,0.1507801830725262,0.29896387434679284
0.3584374212138949,1732.397879601299,1.496908066318416,34.302968402200676,0.3609544720201532,2080.6449877368345,1.9471838308935878,39.19500496791337,0.3596226844091569,1869.7194423540775,1.6555647796477944,36.49914953512068,0.357202140781462,1149.6320334541376,0.06719803363432883,0.2745889540246372,0.36296432626753766,1223.7491089125085,0.07760800721191176,0.18782442759355159,0.3606695387101745,1219.4755707186143,0.07497623442760976,0.23205997721778643
0.34042538731692906,5649.990514995709,0.7042082501962129,25.86213915066699,0.3397360529858264,5016.971854183532,0.5503729900050216,18.99970660496247,0.33980536711689857,5157.34510578265,0.5476495111803489,19.264995417717834,0.3488485846691056,7422.383670997079,0.08834962874338292,0.24544515140406364,0.3495050373303581,7470.4042568506675,0.0883974896217146,0.23337827823419743,0.3475411848007455,7241.054641830061,0.0889744869961772,0.2779999270514182
0.4557252221157361,17779.239510645388,55.52328866745437,165.31163220040585,0.4334529368243655,21378.14696458226,43.99059909448769,163.28501816149918,0.4660047384040609,5854.253988620484,46.10172979693599,123.90493382339159,0.3820553553827411,7945.684600948369,0.18763937538899553,0.15753028907587152,0.3820553553827411,6295.187672157055,0.18308923941886826,0.15132927882376784,0.3752023445238579,11653.465030150726,0.17750231727796095,0.1959626992764021
0.3325721564394169,4549.442854171617,0.9593681263814449,55.25133945100565,0.34250279240288434,13413.936506309632,5.623320636143035,119.833560287725,0.3388076250227613,9550.709383609408,3.449047418502118,96.45502148394718,0.33353466628633294,3327.866563019529,0.02956250658042844,0.18972137855415439,0.33330410717355535,3342.156647195234,0.02990490684756334,0.20833733612616392,0.3337367792159122,3304.3824759343966,0.03018595716861443,0.19507420921563898
0.284362821635964,6081.345226363059,9.279712835681178,75.28860760688478,0.28183111187507215,4478.94604028934,8.49248824693555,75.30281721494069,0.2749322076433148,3189.2477264635363,5.404417365978749,62.69484955629388,0.26069821587865255,933.6789012173416,0.04215702564180326,0.1932345611497541,0.26351024367244424,1008.0692828066075,0.055741114784841575,0.16993663907256565,0.2627922027676071,946.3125850076494,0.04760441261655478,0.16372419577890662
0.31583443545591017,2565.3830874485825,1.1335513133021966,37.065390323272915,0.31731611724484127,2790.2744335486054,1.4796835423812384,43.184370046374646,0.31359138877090154,2074.3896664324616,0.5859222926960967,22.825295234900544,0.32549637930189884,2208.0742430211585,0.08621185444492646,0.15845826761724116,0.3211786145385741,2033.957208971424,0.07324955698655178,0.20485981132709713,0.32051482891364363,2028.456393984278,0.06922416588770897,0.21047554238595054
0.3672440257079709,4497.233356692629,1.2324456984765826,44.47959469603746,0.36742231902814515,4536.898087346861,1.2709457146213057,46.53273276467789,0.36923853080355123,5242.01413184574,1.7618081027894994,56.63305389338809,0.3724601825436466,3277.134136534871,0.060895897504215396,0.18303474890215793,0.3730066999164637,3442.780582508858,0.06480713079713946,0.18973874443781696,0.3704688435905573,3225.9967382656673,0.055868737652953034,0.21713568800155722
0.4032164255621917,12034.188852788926,5.383441823657987,452.83341209229326,0.40417784701495363,14774.236558023278,3.958285248865238,269.0780000613195,0.5440814181174918,5975.1357817082735,46.20563406671949,123.90493382339135,0.3989266126587049,10952.14349013608,0.015345341313226037,0.5174775404569589,0.3988558066327897,10665.384322482925,0.013661713935677815,0.5284357927173943,0.40098829539293945,11992.115847577603,0.011586578463579935,0.15076924781213932
0.4755946987485486,1698.7955514727328,4.85990556418846,52.30080363342622,0.4652209161976797,1360.8197416213743,3.0101556296507788,43.57593505573367,0.46112516603729653,1104.9037073155594,2.366958788976836,40.58962537456728,0.4539298458149328,626.1449604894509,0.05179214343096464,0.1361381629311477,0.4484663481126753,625.8588062851651,0.04058344684374676,0.22272681660925556,0.45041431929307024,633.7046504552982,0.04228373793438161,0.19632572045852736
0.5310588237169913,1300.2282649472527,0.19239657279016634,5.8042708436206905,0.5313720089674134,1290.427858834217,0.18136783241261029,5.710210432669676,0.5318802888447286,1231.8213917325606,0.16604003116344904,7.958880757257459,0.5302107642008675,1147.1650159652795,0.07341244169092195,0.8313873226640845,0.5304855049535496,1122.4559608176758,0.09212902913514955,0.8759714377043474,0.5348358513758297,1348.5894648584692,0.06355598994330942,0.5273428982050824
0.5846305926496512,15781.402655055048,32.038471848454094,150.18705167348529,0.569775377984651,15838.449318051218,25.741781876611878,140.94360394014075,0.5468284767305985,16733.91984077479,15.905744974199097,117.22195187993562,0.5028964493812026,1753.7102748522186,0.07277434762920568,0.18775838670338826,0.5044997996816185,1731.341692411708,0.07362895633481287,0.17197612102496165,0.4998892203319899,1702.4316041376576,0.06548058106949757,0.2181072014367609
0.5406737857754753,9534.339189971099,12.031941866747339,149.21315542396096,0.5384767854889522,13848.379383638032,10.290144340628329,133.1382793077351,0.5086121460680946,3245.639468704846,0.8762601723436436,44.68691599523437,0.5101819909319488,2676.166679540853,0.039122677084428924,0.24139187623194358,0.5178289102590434,3013.4684430189127,0.05566379476232129,0.16300397251051185,0.5142744491197448,2777.1887333450954,0.046215104306266235,0.18683617641461056
3.286103411212425,1793.6523834283232,2.3599768271939947,13.89054287567094,3.168791667317422,317.1841214390841,2.460159183076077,22.11335422797634,3.5527193741960486,3798.793603597281,6.110510043171709,23.983365308732303,3.147288574723924,214.1628937308051,0.12913192767122988,0.14755857789308074,3.1333835544281814,240.55840005077104,0.14867508275194585,0.2481114354353535,3.10060882846133,180.95809369956612,0.0853371339834021,0.11486513371168315
2.645692131892444,1700.090775738916,3.6184769452979,38.94332390219622,2.6102444802462554,1227.9528067051615,2.787570312344744,36.32574572526821,3.449339099867258,5388.782807581162,39.72865019032518,96.70296974955009,2.6180389007293683,698.8275317819168,0.10664857218125855,0.16218094147778572,2.6303363685426437,646.8044073253561,0.1046252236421305,0.13877108442126943,2.6039680500456583,652.9228707679364,0.093848476993495,0.16617963843557504
1.752065245896611,11972.791058149996,28.871002354413886,133.97478751889486,1.73010756991784,12461.635136761657,25.444356227264613,126.90441009537103,1.6660401697345504,15636.272814600541,16.884903780298018,107.5539746725574,1.459280074963188,955.459672382314,0.018940489809633976,0.2131473242499555,1.4651119923972808,943.7682006999966,0.01932911273474381,0.13849878111995892,1.4610874996266516,917.8587178885202,0.014498051537597994,0.15737206953359423
2.3310128204328744,5476.514657518593,17.013868584308096,131.97985629413546,2.525617944591742,15289.670617196178,37.10038866837374,167.14944071399188,2.538743713263241,13107.535406707797,39.599170510951595,173.75524658312773,2.0847604943416753,1233.9946668747154,0.026434520904034177,0.3946574377342259,2.1611122689279147,1394.5173463550605,0.05673086967962991,0.0949521026054901,2.148963872674153,1343.481585673502,0.05064374891902563,0.1072576782475783
1.3384914048463306,8167.547508321989,4.142966505193749,28.99693698102559,1.3295795050515038,6014.686740694726,3.6279510643608224,26.139714319820005,1.342440495129291,7219.392049235929,4.2418891787994095,28.85596222809613,1.3281156221290324,613.3069330080554,0.1734981674557766,0.17411615914528406,1.293011244451613,578.1765870742829,0.14315618443782538,0.22102643532534516,1.2988619740645164,598.0564388573779,0.1481256242652813,0.2198364877772004
1.213803019345312,724.3329470999681,0.5474893974301421,9.601006780132723,1.2131875089495108,684.7023278713087,0.49318778962125953,8.66893319032527,1.21451098681342,690.0974277982879,0.4781461921028709,8.402407004324207,1.2488851931568128,750.7965777175448,0.1267303848975519,0.32631120817197434,1.2738510612288,840.4412126394075,0.14408242564071438,0.261983027270855,1.2431092276807214,736.8206330008888,0.12476723564956074,0.37234254545228146
1.2488301060803824,1745.8255836508783,1.0332855126599176,14.008091097680648,1.2516656687296415,1850.4160386614499,1.1128204555844197,15.030579608590207,1.2518195793176494,1799.9567697985997,1.0864175427657234,14.521238967005969,1.4793255413104,3146.3601198758465,0.31660735330590317,0.13112925313192117,1.3626982164768002,3219.6638689999663,0.23302204098577836,0.2156519984114755,1.4240810190208002,3025.262205347149,0.27254211706205994,0.15871049987435046
1.1951480437884106,1318.6220588127583,0.7202391885589966,10.524844984676562,1.1978041369628285,1394.929479561961,0.7729207460035173,11.250327639418453,1.1981595557760165,1359.1955559603307,0.7575588026448218,10.95130147430535,1.426598155528,3259.9462762625553,0.3128722188040237,0.12873402262959388,1.2504997307577945,1613.7812365869531,0.16351639627747497,0.28930239313810374,1.3741925089984,2664.4915785990643,0.264347272475717,0.14959493942015922
1.0835439729194736,1458.095241117103,1.058898480983628,12.037281249054779,1.0866212772715957,1575.7570691215856,1.1453204864184854,13.099829980680354,1.0867076393870936,1468.1182972072188,1.1201473664031998,12.638098891172596,1.158517597475,2429.013516102455,0.2339317398474043,0.2732562487729542,1.1493919203135496,2109.6153418660815,0.2231631743231924,0.28683557038407287,1.1638076321666666,2800.0025877475828,0.24182847814688585,0.27086968355296404
2.826815176705882,109.09875593382222,0.3612080526670635,1.6293339731248235,2.3686266119999995,324.6292111224597,0.44341878070989105,1.3316561124382418,2.3048967479999996,156.83554199310066,0.48069060336955,1.1434840925838798,1.8847426092494228,2018.5351620621882,0.02018643294525566,0.750564624156531,2.358004968,1052.5106403626644,0.03328549394444703,0.744691378141743,2.3898698999999994,1718.9452290249021,0.10096210273862882,0.7059004580765175
1.1789160463878239,142.52642544436543,0.8340269135872259,5.009835338679632,1.252549603597786,1937.9927536791931,1.4095453385893273,6.4667532948707835,1.227881748766001,977.8142965738236,1.0562135697439055,5.576188764904007,1.24405844416,92.78237378629008,0.2303965096976769,0.26013440715875646,1.24942076504,95.61146512804896,0.22798158550329942,0.28142710372193736,1.35666718264,117.47803417701166,0.3267240726395415,0.22819991862211308
1.1242918078420634,132.00229261689236,0.6691555982705201,6.376872660704464,1.245078417951037,2158.85165370511,2.87161963381388,11.342951363742173,1.2968671721860177,2337.7643116564677,3.256270659414989,11.283468224570932,1.1636054414713897,144.17182097212873,0.24148054638569547,0.42729241997697076,1.1428496686448146,117.4593265130046,0.17466761513107115,0.44281843208770477,1.193338883555477,150.97582651351505,0.24613006917956232,0.40420259705336326
1.3278488171715244,4163.401151996944,3.9131822593062515,14.222757900859115,1.3340932532891603,6560.793297002112,4.145290981389885,14.878914758401562,1.3209033354855382,8047.991207514829,3.739901042816858,14.06938789769262,1.1314179631381214,125.50136736374316,0.14684694838575227,0.48274245012889494,1.1267782239211672,115.82100541647245,0.12293049756997074,0.5193219184681426,1.1315591408000003,113.38032130825621,0.11554343997612139,0.5324562841749014
1.3347619991004365,463.93390481472056,2.7295406916236717,13.080568334621386,1.3407474789170306,377.38023487911244,2.7308263944367543,13.330449115093497,1.3407474789170306,485.2416304842263,2.7380870719440455,13.042482377774338,1.26293624130131,147.59815856485014,0.1865680252277056,0.29515086054895234,1.26293624130131,148.87889279899122,0.18727188038057435,0.3271504983003607,1.2569507614847162,139.54333753751806,0.14919281587095953,0.3003547455358916
1.4270240168051236,298.5903957547709,1.7741051336003781,14.33090409036133,1.3679166002715435,201.06744794635915,0.7451624425948427,10.05135555702576,1.3698254380787225,199.82249619920054,0.6670398338711228,9.325360589656123,1.3573145368989938,163.57955895051998,0.09403770052962307,0.31927109876876936,1.3871204324723247,164.21912606462763,0.10433387062837257,0.24007108424697937,1.3897191746547166,162.38031909901667,0.09673060058707733,0.2422257384175332
2.3464177200000003,2740.63073330019,0.07451240460145821,2.299403703402494,2.3464177200000003,1212.3900717848771,0.7554719845577751,5.649963676225255,2.372489028,866.4043356852726,1.277197443108299,6.160790422908823,3.9106962,2385.341757099727,0.07686748741837894,0.22189237599521588,3.0764143440000002,7747.937707240943,0.031206806294867367,0.18108464671589908,3.9106962,3301.5211513944478,0.12935915308696438,0.3126666596525101
2.536905054545455,5501.208280319264,0.41148221193634754,1.6886098433547712,1.572881133818182,21.885242076315507,0.07104255983232885,0.39618357479143157,2.437418581818182,2535.749610366722,2.6680721176804747,10.915528967781164,2.133299322255032,2603.037480879312,0.19230239336345456,0.5467837291432744,2.1335060506377306,2266.0972560652754,0.2137922034287498,0.5451682247369947,2.1368036233939396,2196.933432854378,0.17682970883058236,0.5493649807686004
1.66042688896,3994.657818222265,1.1953529215312921,3.2157159196931513,2.176188149673919,3977.4341438649953,3.8579007179890423,5.3368854420016145,1.43502272856,1357.3946078614993,1.143390201614066,4.217504786071226,1.404340594594066,1907.0356390015615,0.08199122125947798,0.4248200207876758,1.4195923766399998,2015.452835467859,0.13745954842682642,0.4887110250883808,1.43502272856,2456.9202621331947,0.1480021631298756,0.4550967109185563
2.0892571980311443,16542.441999991566,5.473418983597749,6.508342174013505,1.8722689701097732,4699.302596388691,2.5797593399305496,3.972446572650863,1.6962851939999999,528.0303742620147,1.4736655054873604,2.8960219099581868,1.3600172039999998,3621.130615509227,0.028666478579902347,0.633521375567488,1.3600172039999998,3660.965548815449,0.04185544223669197,0.7537433726848144,1.3824350699999999,5631.972175987471,0.04970331537696706,0.662091528032529
1.40792466164,241.3094434332049,2.630465140649024,4.83067198473772,1.155470602990572,59.844177186872436,0.929991630911079,3.0973930355771637,1.1715483969489275,54.49569902039696,0.9146136732215632,3.248103112637055,1.2075811463230552,5918.299969998763,0.09989806028247394,0.6871117704460468,1.197777794249433,5300.473685175136,0.1475485123217989,0.8624943847209161,1.2034324787505242,4279.224594883613,0.2043959726904185,0.7596190891385044
1.4710546647112874,8940.358953806119,0.5117216873883732,2.418324726798849,1.45886671,284.88618759695623,1.3691054627976667,4.4364724906633715,1.4774541577935731,144.58066338303615,1.1954345404051476,4.054505322115349,1.45138534225641,102.66224924432285,0.11004759343726364,0.18316119542848042,1.45138534225641,96.00146496187928,0.12814352128072565,0.2657908194188352,1.45886671,58.770607972972996,0.12917699425664425,0.2776980037210725
1.797176960946108,10328.706747651835,1.706928456095627,4.384917440024361,1.748373484526946,257.4620415164651,2.450315179152743,6.289690640347219,1.6919029967065866,766.205743975384,1.2101650697863646,3.818399291893591,1.6618247212095807,1770.300308420524,0.2219128984882657,0.9322579501493071,1.6768638589580838,1954.0647749325785,0.2263716663455631,0.894082930930159,1.7144617033293412,3367.0308488456753,0.3188236306982745,0.9017375543039551
1.1873347171970339,142.22275615226536,1.7766613128000042,8.173751276476118,1.334366236392,795.9197389742504,3.5861205211370075,9.666211884042667,1.28301927267857,3979.8496314747927,2.685796919854039,8.129150378104306,1.192156328781586,75.2822791449623,0.2366565018186256,0.1933592823383037,1.197067003632,75.0294886452311,0.2265462955624646,0.20512152678656828,1.1850651599900925,73.30414927241493,0.20364664886136483,0.24146473576943855
0.4704895261144068,42.27544479554902,1.1121385412254965,3.3077340395965615,0.45731463509180265,33.506831965111076,0.745298032658978,2.7007901903519773,0.4854257015466102,39.28384541302894,0.9469886701839554,2.996957246141794,0.47932930341101704,29.955783678101632,0.3539133815116307,0.3408915579150679,0.48969318024152547,33.122538812003064,0.3597045272692867,0.392695092825995,0.48451124182627126,26.972344944555108,0.2712665949654788,0.3877259281086966
0.48034869974846356,32.829967861584585,0.4222742338244612,3.0698381684839067,0.5124447425474082,37.311402820183645,0.6648157691840655,3.7867928859313515,0.5685428278118825,53.93242927252355,1.3819590917793936,4.9421811734343235,0.5226699811634509,31.975542963105266,0.22734594716104667,0.2680768034159187,0.4939812908515285,27.94925077264368,0.12547799393681297,0.4312037517795348,0.5260233205283844,29.873675264644135,0.15700087347936997,0.3473578080350548
0.4759737820835458,37.91932777227623,0.6129606808113938,3.964474994496312,0.4865408798074779,36.73271474611423,0.5596491399317639,3.7470335711955287,0.5298177293556323,48.37383418483777,1.104367587954273,4.898995581723188,0.5102261266117543,33.325501609715985,0.23131067090271779,0.23207454263742464,0.5103541609426707,31.86270832224856,0.19378686391616282,0.26238480485530985,0.5119665212354283,31.757524842778412,0.16389981766200248,0.30975600915821183
0.3817952773839597,152.02366643251918,1.1840438491240146,8.447039198523283,0.39427701903156326,185.12463803460122,1.6113645229917046,9.51057365095201,0.390760122225148,165.8854230897089,1.342340272592101,8.796874946620564,0.373730112562249,96.4163424038472,0.13440316984113945,0.2980147020001364,0.3846154556465863,102.36872340934069,0.1607513875554022,0.27587001371087216,0.3718287344283596,92.59304682859515,0.10979950547873907,0.39989693299987766
0.41926226451694126,30.142106274457745,0.6796004735439883,2.900417660896816,0.43638338784690106,30.592876472128506,0.6979933727029893,2.8745020458452193,0.4639231930593499,35.556344055993875,0.9051135836315425,3.1932060023584334,0.4610912858598726,29.95336935960007,0.34753037332431275,0.33610229937552755,0.4656302813173818,33.08602691099697,0.3426989621309036,0.4033764752879548,0.46237203695463297,24.764452588675656,0.23585122991640192,0.3580956654134315
0.3105272889781398,102.04294073421698,0.35857088027996287,4.784479554112245,0.3124587528108315,99.0285597371622,0.3107538051660629,4.230321212250255,0.3218044285437232,115.8369362141164,0.579519180872099,6.446228376185152,0.32242607758064523,100.44404745347995,0.1299148884551335,0.30247484349117043,0.32709891928471246,100.29868329224685,0.1329341769091121,0.28713566236504323,0.328656533186069,99.85849031842534,0.12716162599363065,0.30100344089513237
0.3095050477757822,159.29497016272074,0.4964168125036385,7.203232108418605,0.3259589848462166,207.49441728452132,1.450081349819726,13.197784550665839,0.3114803976625426,149.96512701362983,0.3871556234097957,6.124658189517025,0.31218236929917365,142.94505997768164,0.10523198081862038,0.37046199736307595,0.31236027440160735,141.63326359928823,0.1067873040950935,0.43025771079390046,0.3225037755383347,160.35927273552846,0.13680557656286302,0.3299631445279157
0.31472784806217174,40.574395999632074,0.5725806283190303,4.748249042111387,0.349468846016529,50.39220174617768,1.4732653494106465,7.220322354944354,0.3362818740073628,43.70076329629325,0.7251157553948141,5.082641613057255,0.3311983982094909,35.102947915002915,0.17668038948323084,0.19845453631859306,0.3313065669640638,34.16878522773741,0.14454271176801864,0.24003329546695143,0.3329498271157641,34.950209621816775,0.12800800080255795,0.31718692635822693
0.30197038271005894,87.18812026183205,0.30280349482974905,3.8326806462952074,0.3053739358727352,86.45030048966615,0.2960367687060991,3.7590556920239298,0.31139660074478936,93.06138165846659,0.3924766495367535,4.589574834836645,0.32273313928402364,91.5468563853383,0.1596077847126816,0.2592712368665991,0.3118921742581973,84.27982117452169,0.11148652730548202,0.39088442163064596,0.32121081315532535,87.88256707163113,0.12925631970108398,0.32198272104196385
0.4216584718186031,28.930254100050387,0.5201470216303836,2.705453588296936,0.45198204370471307,32.48999400554243,0.7345265116729975,3.221041362657437,0.487770471490909,39.64798710791687,1.0814700676245494,3.7739683387479994,0.468999129730909,30.595452288190597,0.32154860064079216,0.3461034367992063,0.45449400200727275,26.99683895442356,0.23881670600985888,0.42055762775726113,0.47533135069586085,26.542671623075247,0.228881258052179,0.35773586444558175
0.2845759394568033,85.54646850975082,0.34190141374101646,4.31258749993868,0.29038264058953406,90.5219231426006,0.4353627907808465,5.030166535718585,0.2941391099197616,92.59310217387363,0.4571957448176232,5.137750948958354,0.3036218615406767,88.33336037014898,0.16268483051422858,0.25704225191877117,0.3050676799289656,88.74796327129384,0.1596807101542965,0.2816025952664211,0.3021760431523878,86.37219556575293,0.13367726513542288,0.3267765289750302
0.30322918410975974,129.51911030780317,0.34585506853846104,3.5826587841750603,0.3044509462160349,124.62658268271922,0.29987694334401516,3.067575967193651,0.30688311558356607,125.2084439510988,0.29828676847736785,3.0516006247310967,0.3137046541238238,133.6829189295573,0.15196345812283285,0.4016327297497397,0.3244165203621983,144.50280988761256,0.18084718445090175,0.3288601629583573,0.31676518733478803,141.14654155332806,0.1606474276753256,0.45084428074189153
0.3118537012848777,44.76819586000649,1.2410662510166035,4.616008024953965,0.33101916564056705,52.29851845078145,1.5199667948425335,4.762974416665417,0.3229204572698413,43.1901579608237,1.1087906276481658,4.322563040539066,0.3031426704959994,30.31385386514426,0.24659915817434655,0.3078037280800379,0.2872129067063493,25.3629633331169,0.13207116952460637,0.42143006522232596,0.3050342573834415,26.69902839405665,0.15491097751857927,0.3484960925283072
0.5810502844052245,4953.518188514195,18.69234022624309,42.11459502389171,0.5639880649701937,8932.375681814117,15.275766426896777,37.898358997654704,0.5444806860860146,7862.514676558303,13.499793100104235,37.87740110595192,0.5446001945772538,360.0547420976085,0.43002996518568215,0.10791750132417544,0.42943384518636507,218.67825292910723,0.07211325378324218,0.09129915957799066,0.43528976125708824,228.79173584482652,0.08901157287743804,0.10362786941559987
0.3969862951876837,113.35568912362379,0.5830498545489433,8.577639934707433,0.4144100911873355,132.8793401487379,1.2412233487721505,12.10839561625926,0.40335570534646037,111.69229702156885,0.5464454180736529,8.324211667416412,0.40991412495062113,100.76662195316653,0.11681301511389866,0.20017955025602444,0.3967697693654974,95.03925053826474,0.07182410589982631,0.35718182855696495,0.4079621529270468,100.88471924575501,0.09540511998431095,0.28694963384356714
0.3214708122795403,90.81579699741691,0.4266549745702732,4.12082952942391,0.32522498469093,90.69259758970449,0.42814503602571174,4.122343149938477,0.3288336583495912,91.42875986072015,0.42641554543502685,4.090424180259343,0.3390657926270104,91.2835490511258,0.17783720696002772,0.3146209518038266,0.3310981509740237,84.91141241774562,0.1447019614875591,0.42230619039223,0.3374511936145009,88.28177952170083,0.15383213286147385,0.39904722295830153
0.4637327648713279,47.41535743723968,0.6975517901929349,3.9784563438010583,0.4821110257579689,50.9321639755079,0.8385927134658219,4.3253972725778,0.4761406115912137,44.17787715743741,0.5307197383317779,3.319978134811474,0.47911278682533726,39.86128618022054,0.2182160408601031,0.31119247145317563,0.4795940068255102,38.35375233629126,0.19104662535993513,0.3562251131733294,0.48040109136744236,37.59584268945094,0.16623874017482254,0.41709115128798996
0.371104048676206,180.01268712973558,0.6565876046306756,10.42563412121998,0.3857847093472008,229.2901948746815,1.4218023307786378,14.462186859538164,0.39588592216191704,225.88917606792987,2.246256541284994,19.638481290961185,0.3963951840458016,170.92054022785203,0.15767457074984775,0.16683670357311975,0.37092388879432986,154.85687588299592,0.0853067083252686,0.38433604029509993,0.3873862025902151,166.48544039878564,0.12067792567231676,0.22901858683734586
0.46752782232948537,47.64986543832784,0.6890965831243245,4.177613698709425,0.4995629565686724,55.2976112120139,1.1319419655406935,5.461066655564391,0.488126731420485,48.17208119373635,0.6768745924262762,4.03906528581925,0.48122345192685645,39.059247081791014,0.19793244840163612,0.28339164282382096,0.48171518808015684,37.661303791999806,0.1699387039510619,0.3286043144497863,0.4825576586153205,36.99972016179724,0.14417672893856065,0.39112420410126003
0.37844357541479096,131.2411402608122,0.8530656919921087,7.889428917636748,0.3845184555577236,135.03315007874488,0.9951896584132486,8.697453156208464,0.38300593283616446,127.70786087514831,0.7914001665879398,7.637682129507219,0.379059583594569,99.59873632129742,0.12632316579406422,0.28314289338726534,0.3827397737265551,99.1963876309457,0.1257760673490373,0.285142033028269,0.38641996385854116,99.79043649758984,0.12536994904395482,0.2868178296316629
0.4224788574329599,44.66731404318534,1.8578057648049233,5.636059534467811,0.3822545391824868,32.60109392708948,0.6720269509936407,3.169877418010243,0.4353987736811594,50.50564417404646,1.4966429900303089,4.33829886494966,0.3916606391429802,29.50377744247369,0.2782565529891758,0.33000305309542793,0.3869992892670807,27.940585467315543,0.23206890988252424,0.42267575503121785,0.3947950957955169,26.154988309435545,0.18978732083017086,0.3863091404306874
0.3764023203750824,90.18054906385716,0.2641160664493451,3.5836668696722125,0.3807060299673151,89.86100513168402,0.26361028858629537,3.571759532186411,0.3863618726492156,93.62834859508065,0.30678071358617803,4.03873375030601,0.40341605555234195,98.47894900946623,0.1587551848291535,0.26355315691451286,0.38844675865747674,90.25108806110156,0.11263558838003009,0.42940003030009133,0.39432278409401456,91.42049588237167,0.11415540514170015,0.39387216442506895
0.3652876213547246,158.0936266534003,0.5413082848801756,7.877508436099996,0.38477972946472916,221.14038581604964,1.4666774364041,12.66850062320156,0.369363523450529,157.12527852438464,0.5068495691516981,7.4427924768467735,0.36836279798416277,144.59831566459323,0.1043746676454746,0.3505904369567012,0.36780754308618163,134.73575880788985,0.08922560608330073,0.37062726987464734,0.38063141501055997,151.78685936812383,0.13048761383430013,0.29941696839208487
0.5691006543030126,39.84324244119415,1.8315171630689788,6.038130148721187,0.5294092916586685,32.61529453431082,0.7916722378199865,3.783179552989601,0.5989904012471132,48.16264750635848,1.5821065841391062,4.645189411214166,0.5296769109783206,29.44998005697667,0.2627284121644725,0.3369676919442385,0.5285678385450348,24.760741885255918,0.1911138579150796,0.30843962338349423,0.5338118908938493,24.539221881279143,0.15761713335919972,0.35761275259241393
0.47287606229437257,47.63540600861134,0.6675659979006257,3.8761626397766378,0.48343365166945135,47.41766318410057,0.6611665639404888,3.8117086401455773,0.4887907726335965,45.7060927730811,0.5641091560595016,3.4577259466202075,0.49967149249953435,41.17159354756315,0.23730666285221155,0.2836021277889868,0.5016639909289147,40.555860110343346,0.21593559363648498,0.32047590699535083,0.5018125554585591,39.132515777784064,0.185044079247661,0.35640633014542983
0.4714238977641113,51.33221614281423,0.72340096559054,4.065965587510261,0.5004144962126128,61.103783868562175,1.0864110478941367,4.904801548392386,0.49398499447972916,53.972359221825386,0.7759295368967051,4.117975459340916,0.4884079547608214,42.207975462970424,0.221900854716502,0.2992374621303626,0.4895349017067219,40.804646307494984,0.19729607658475043,0.3361074860784582,0.4912027104846284,40.237640406144536,0.17505120861129772,0.38193655600035364
0.2236585378790428,89.31890187199231,0.5413967209528677,3.912635940172719,0.2240857378074472,83.60625931080983,0.4412350025366186,3.2347304461636663,0.22915708861535747,91.01847748909798,0.5526109092439028,3.9352278871800355,0.23720384127999997,86.53321909506425,0.21824717527963372,0.32660486088975976,0.23123884790751742,79.83503104995064,0.18058143723399167,0.41563088068257503,0.23720384127999997,82.17920550730535,0.19122476674079722,0.3748047768874709
0.25276050424311924,37.36860975898467,1.8044539904619097,4.89678789698912,0.2527405390988712,33.639177473410655,1.5525547232723362,4.704404934533822,0.24349941694954125,27.126559907760114,0.9828597111156139,4.238492635687802,0.22147434405963304,23.29722791452599,0.249393164738172,0.40953258943783877,0.23248688050458716,26.687944533875534,0.28090135249817544,0.44751122325994147,0.24030376513084323,23.14629418021467,0.22346197466344436,0.3513554968980845
0.1904299734482215,140.49585260063643,0.6001891919908177,4.288117049300558,0.19294396165641373,148.75645489119302,0.671868467466869,4.696130376728831,0.19309010202609028,139.87797307747022,0.5876388692859946,4.208081680798295,0.200435547408923,138.21344577342498,0.22340674065796057,0.35927726891810224,0.19948561590461533,134.44812013475553,0.2125988197792984,0.39057539051997214,0.1966358213916923,124.94318907184055,0.1923782755954819,0.45886996139136654
0.2074926857911172,161.28431849896268,0.5300486162393464,2.441349026420891,0.20859813094644647,159.3645547682705,0.5172258504684518,2.3402798973091095,0.20989947439705783,159.91620612253266,0.5143259657314663,2.3275517658517173,0.2167431544952471,199.10928898575585,0.32571066151087363,0.557807867410511,0.21778518889185883,196.46892481082116,0.32272507145531426,0.5566003981404385,0.21882722328847057,198.107327523768,0.32337811443282544,0.5587407276135585
0.16532350703741389,40.89527533509639,0.3677041853611996,2.1674977641705744,0.16891872225317908,39.5097192863276,0.337731651250574,2.0222469215551038,0.17162430334239134,38.32701407084547,0.2777020222112935,1.6336714153803873,0.1775168673890754,42.55384424409262,0.2312745802760077,0.37562412154683145,0.17757305954247787,40.18557334335774,0.2041917035823173,0.4226995620732159,0.17781095228938135,39.073098337784806,0.183110645385927,0.49430664725315876
0.22966460741000067,129.5392992632006,0.5848158650936002,4.188225986272236,0.2297884245929781,121.29405472113271,0.49532332061296236,3.5974385077866713,0.2332488353294187,129.71594233772228,0.5774083014816231,4.131338176962595,0.2371743995260716,120.41069033254726,0.2024879087315686,0.40323841766991714,0.2394659396181109,120.75711224457233,0.20356391212912942,0.4006698606000994,0.24061170966413056,119.07884404490345,0.19838494062983691,0.4086214805157767
0.3271155802923842,40.26712120155931,0.5648156175469914,3.1320372288616336,0.36995513756512466,58.455475617575686,1.4291975547231703,5.166535720390261,0.34745779695285256,42.588207195004664,0.6329259024448662,3.301510422989618,0.3406920940778046,36.318927059174264,0.22700632631806067,0.3574521912997404,0.3410786452753081,34.6394194790314,0.19851612508528743,0.41440763516728807,0.34176409388995876,33.68219399885056,0.17414212687353983,0.4948163969051772
0.24617820652044312,107.63397859563878,0.38166859176643175,2.976709711947873,0.24834851946255557,106.40041146521277,0.3721588104833183,2.9072234538857638,0.2521913693156626,112.70765492465854,0.43861088761920985,3.4895085670081922,0.2606362843700293,114.61243952102501,0.1968904273236,0.36695990948109647,0.2618774095336961,116.79045404856559,0.198145791796406,0.38866261416648024,0.2606362843700293,115.12461321537272,0.1897484240190854,0.4379071610028619
0.24553757402641146,185.46272195499338,0.4945799116704562,4.152999835715111,0.24777839299018078,196.294769960558,0.543759240059806,4.48655320993871,0.24851421900497594,189.46856493170463,0.507060022874558,4.230500051989667,0.25188008532719286,193.85344168376264,0.19672571924044624,0.47753889554816314,0.2516034965862577,180.21030488024093,0.18514772221007747,0.4948373257896671,0.2625937845304706,209.48307269923083,0.21349358876022284,0.35957758643531407
0.25418438161640855,32.63843239433476,0.3720692363801644,2.277953127926891,0.2600727458123784,31.019470953304825,0.30985582983630017,1.9410806909585319,0.2679134504694888,31.424401394057448,0.2968853630821178,1.8563064082004088,0.27340804454664913,33.320171927759255,0.23040049324903453,0.3578706157968255,0.2748101370827858,31.93172846895089,0.20366919199976113,0.41200717361721767,0.2761742548370261,31.26277190956845,0.1802791447598904,0.4884081668122717
0.37960835255431363,100.54094796291353,0.5326642833488534,5.02221157913262,0.3815104647666973,96.607459020172,0.4678700309383598,4.582395524634843,0.3875926863870109,101.38892599501675,0.5356850546857023,5.001421422071234,0.3958401671851619,93.48377762415541,0.17017156164055217,0.3037529283484454,0.3885829168387909,88.4235040795099,0.1416151536514939,0.3905557085151715,0.3958401671851619,89.178337628911,0.14382617575635218,0.3503725525001496
0.2549230760025238,139.72924040251294,0.5522167352598893,4.390036000570998,0.2568270677781388,139.47053750658324,0.5515905300499814,4.389367911494132,0.25807085063733193,136.05199201560293,0.5176755713603747,4.1815875113455565,0.26772198840999406,144.03660788086574,0.21349556776729503,0.3682446118014202,0.27024766754593743,143.20621946236858,0.21390748916774416,0.3599395916874306,0.27403618624985243,144.08042733543525,0.21815342343020663,0.34011334951879413
0.28707937381258153,61.45154611539505,0.5605626492336684,4.126355624449583,0.290210829932546,59.25317000564328,0.4990659638517546,3.8038033273496787,0.29507420290657804,59.86992813100701,0.49407744524330893,3.753663110429891,0.2951873418009163,55.39020246552809,0.1812620370540764,0.35102778807951135,0.2951451673383825,52.33159090722833,0.15823985484861847,0.39039977215381605,0.2958876460650592,51.7790209871008,0.14511635451970098,0.4556040013702607
0.3110702628782015,126.46266345226745,0.5739120437635393,5.024515425721881,0.3121843884277995,120.49237022489035,0.5146280506140363,4.673738001593025,0.316046018730799,126.54478765365027,0.5664987658478579,4.955525552859052,0.31540391019973174,111.16915165011706,0.15869055017912473,0.41124113274253327,0.3266017678167331,119.41503517127747,0.18465840853182908,0.3380259894482843,0.323520619063745,115.09025725349275,0.16834570751730607,0.3918492214159646
0.3714877545933223,27.210419670185725,0.33954189654247124,1.9412891759593478,0.39160713956000004,28.667227322097144,0.417050740594015,2.250772705403604,0.3947871954,25.98690974201501,0.2558714343177908,1.4642650726099884,0.4173765256921799,30.23651286915003,0.2846608878841773,0.3403538479078543,0.41185907412000006,28.289895394136604,0.23405633104455095,0.4209408719222014,0.42017989521606675,27.64981932167223,0.20902498731335162,0.4290026566169995
0.27665890357735756,70.47800153217145,0.4558122841669613,3.7021469197468044,0.28763410981351895,81.53730307600709,0.7037028610722763,4.814546053195891,0.2917644679518983,83.59280770436888,0.7219137469926654,4.835805012040176,0.28824892820217707,66.53166017667522,0.17691625482801193,0.3409969014299873,0.2884305949804312,64.43776471552981,0.16149287316041222,0.3787994841163802,0.28871280332020627,63.14130825565115,0.1472219184084878,0.4275050463066886
0.3694051604418288,40.443742251518934,0.5530497628944321,1.8203016092143531,0.3802656919999365,40.83195624413889,0.5635575626312875,1.8646129243013578,0.39219737719696973,43.060942015206855,0.5819498613321807,1.8185202887802445,0.39854442711732185,43.43360241658868,0.3742725663626172,0.49184765173913864,0.3997081460363879,41.648907769816816,0.35894050729456767,0.5345193257070268,0.40070397519170126,40.24902063682791,0.3455001124759627,0.5850078919916899
0.28302971453736514,90.04216253915801,0.40834874433363716,2.9709878576689976,0.2868751415904579,91.58575307742221,0.42674760566863434,3.0836843718361946,0.2891858105907935,89.42505591655464,0.39340615240149296,2.867956937330648,0.2994419112558589,97.02586349830362,0.2139091257403809,0.3907032813503943,0.30803832976081175,99.16674101329032,0.22849742967979775,0.3462737460528961,0.29712849756494303,86.64749019731944,0.17128709896604613,0.4428459531770058
0.24070263247888923,130.8031667032915,0.5012145213525586,3.4277366539114396,0.24182449329691716,127.60052797353755,0.4641586375628987,3.0936371193300785,0.24420905754838385,129.26229116144287,0.4841590840400503,3.3209080544419303,0.24941257963788124,130.99375828557984,0.21067628568982866,0.44111678726265097,0.25182236301602495,129.3150633741713,0.2087054062567176,0.430133573416657,0.25543703808324064,135.53856327819543,0.21765964474536187,0.41540678888064425
0.2743282270635995,40.0698098180148,0.9337428776797656,4.889203885533688,0.2686829299441932,34.846737108990794,0.4767422844124717,2.98597860291034,0.2775202607184816,36.20235715739928,0.5062569478311506,3.0669282863043,0.28344735875828714,33.7863262345588,0.2478263044159016,0.28581468180267566,0.2852818542124871,33.64916592518594,0.23054433024851687,0.3398727821132952,0.28392581987235993,32.00217046126464,0.18308086993020833,0.3884290985029996
0.30909467438198496,64.42095007944936,0.6669172355646392,4.573341788650861,0.3162301332723873,67.098817704198,0.7268880312984586,4.69081077128556,0.3211126640423385,67.32516859274051,0.7280212280733519,4.716496943101101,0.3184397879878327,55.19855834314685,0.19222013727943807,0.313345051801456,0.31864912201013057,53.29115192563177,0.1723415520383073,0.34947109110934765,0.31897915232365254,52.17941257102616,0.15354931576009695,0.3971017825492291
0.22378673056864304,31.882537495318868,0.08377109754500822,1.476710578488929,0.23040651349637464,31.080191725256295,0.06709562810864582,0.9984924773911787,0.2376354532949671,31.77354734568335,0.07088925087593817,1.0468946216659925,0.24844459194334073,34.64619834765095,0.14933430219661437,0.16807598975396418,0.24845821617151492,33.57551113750439,0.1159928923812191,0.20842618551356593,0.24822350128283122,34.06649066873855,0.09091103842718358,0.32166181309515957
0.3306205314496188,71.14814621366347,0.8090973247906552,5.002055256276597,0.3396870804623211,76.26806340662483,0.9349354664399654,5.300238252345827,0.351126216532069,85.29562168288257,1.1713858807286444,5.877981607903207,0.3357275111340269,56.06793650959785,0.19325923485587787,0.31370493438022945,0.3364817081439362,54.713294565409996,0.1769624948670386,0.3494610861314905,0.3362281205623542,52.07250619538629,0.15100233256687204,0.3865488146654645
0.25831115667279697,160.94547812005663,0.45920497724276216,3.7969411944926494,0.2599235707041667,160.42741635805928,0.45625593669661496,3.772572309679854,0.2610720814827945,156.6547926946172,0.4294940575263962,3.568658999338187,0.2713566787856842,175.4417990871773,0.20365110073080622,0.38647327656565383,0.2726366631195789,176.3825820220549,0.20413406264834458,0.3925630243261635,0.267516725784,166.84459157904527,0.1926530261458372,0.4968799379763474
0.2880217961486147,66.60789080615078,0.7881651746209972,3.6578954625081153,0.29557525854851535,70.5506313258952,0.8692263490156189,3.8418219996725718,0.29976785541964934,71.21231993168806,0.8604838130963232,3.79541289828135,0.3003435842191436,55.777296668103126,0.27703675090425706,0.363606547274647,0.3028584614702275,52.60478792659666,0.25857652253511476,0.3670430668206172,0.3137223884231738,56.93211568821326,0.2840380915257385,0.35362534374258514
0.2315756765131187,150.59847543512012,0.4691891797417787,4.004993170008626,0.23293891570858913,147.45388852230496,0.4549367339440577,3.961243734001022,0.2350364078871749,154.0625675943232,0.48472451502614555,4.096631117683042,0.24384728286096258,164.9162743121231,0.20361158178854755,0.37153411906837447,0.2450084603983957,158.52432300142758,0.19676999411273882,0.36568510963801987,0.24036375024866316,149.2667403643917,0.17867775247252676,0.4605540682615656
0.23011588338980585,240.83706855819702,0.5938531232141468,5.8812900017307195,0.23068673614004184,234.05479636836853,0.5635993499244445,5.660302953106036,0.23144388361895188,230.6185674822307,0.5444380467835531,5.520703603204931,0.2375909787594458,230.673553424538,0.174102917727064,0.37044304099270486,0.23419682192002522,214.4805750179425,0.15983094498365844,0.44737775236756405,0.23985374998572626,232.15993477256484,0.17480117137630952,0.3685827496541494
0.24258767804195275,50.08560569757744,0.5957370037580199,4.051545983396652,0.24806339583611428,50.19830351238655,0.6028494974047943,4.031197958998589,0.25482980243115405,52.699020968579795,0.6683557151307965,4.222276245442403,0.25575156795245435,44.80497628558803,0.2126643391829403,0.28271429840496337,0.2559997264924366,43.9492596105716,0.1903394157623804,0.3252575875323041,0.2561434207970924,42.792146166508005,0.16490562226311342,0.37016163949528835
0.23468733393661054,150.85120880570557,0.4940234890651775,5.332496880090595,0.23607051664062342,149.20955587767475,0.4799605588967645,5.209223114109036,0.23745661500172988,148.28232309272875,0.4652302988380135,5.090711494881629,0.2462263790899286,146.50063430513055,0.1674958469719466,0.2977472714348774,0.24735217461959538,149.82674652515132,0.1674637135125499,0.3065539281357542,0.24434970586583743,143.40280082066315,0.14524213052129192,0.355233996722725
0.19027200997625798,57.440572785925035,0.5906840092872271,3.67671830785261,0.19379608399032858,57.20959735869331,0.5871198866332945,3.63482138481186,0.1973442707030822,58.2810029394506,0.5904176070681265,3.616442176979284,0.1979666579065156,51.62664722480525,0.21510894733193234,0.3490519714075539,0.19827514512363995,49.74598180831177,0.19544413122310053,0.387611501246521,0.19840739746001296,48.62303970420777,0.1765201463107006,0.4424534198239047
0.19777621423933808,161.0033442479534,0.5954146128605814,6.217333473248905,0.19952977567446137,164.8128853912917,0.6311666566450581,6.427363490384821,0.2002653467869672,161.22634544409448,0.5901667106566951,6.15325281472897,0.2054180414965081,152.0512709739326,0.16999488814976696,0.3153212381625814,0.20737440379647484,151.1701769413126,0.16979500743380202,0.30276560992476687,0.20248349804655805,144.9149024971056,0.14975227389341736,0.42222170739047843
0.1982616561373092,200.93838535684236,0.5038528194757207,5.224222728476731,0.19861401766252101,192.463660224278,0.4529993315517912,4.751184695179409,0.20172261297301206,217.81374576905517,0.6230461703851486,6.223054439008307,0.20175068657425743,190.31929304005268,0.15580857950840094,0.4432018001267833,0.20370943110410467,197.44327890964186,0.16227742939522627,0.42996838968100165,0.2135031537533404,220.90080332400535,0.1976203215926359,0.29511917217008005
0.2230842700947867,45.16475458152585,0.7807043523151671,2.947323448394409,0.23459584269963174,52.34857536405102,0.9622046061973005,3.2308602115263962,0.25141017953554495,65.62604772549075,1.3651119666420246,3.9322716768025123,0.23634874020853078,37.61934637479182,0.321384911559298,0.35186884354035775,0.23714212529603507,36.21600798286318,0.293780467069808,0.384291801721709,0.2373356121450292,35.18376455132011,0.2631306047773184,0.4256464931520979
0.2731559775010526,132.56742342528418,0.5240523163152317,4.828204969744029,0.27557971137065274,133.6098699177228,0.5365684288786484,4.898757862667251,0.2772778833468585,132.49177039640492,0.5157269946292301,4.735144198567808,0.28515410997397933,129.7296200195527,0.1814002033026546,0.3387453425638504,0.28515410997397933,128.3421105332611,0.17839849774887015,0.3690391388282836,0.28520655657154564,121.55087522058305,0.1660572890604118,0.3803218531920509
0.20508443262085854,106.82664456654148,0.5110888724959176,4.410187548677805,0.2064730906235425,104.23379289841988,0.47558164706665246,4.165369322118324,0.20921252021240636,110.19014274913305,0.5188741769592662,4.29138166913077,0.21095759456473778,100.61422098789441,0.1732370774655141,0.38896783687493725,0.21607792452990127,101.53354723455202,0.18223818526813457,0.3423966822224782,0.21300572655080321,97.67064342648754,0.1604443155731914,0.4203625432717397
0.1997727386666667,53.478894974803396,1.4546638086971493,2.7177175057959966,0.18421578533333333,32.731734448027126,0.8710589549114356,2.099495007079854,0.2484189231087338,291.1231778255578,2.780294027600201,3.3692819137297003,0.18102060358990027,29.568197682394295,0.43946475262658075,0.5274178412591195,0.1811520863760025,26.622303821805087,0.3987153046991982,0.568709834474257,0.180913705227711,23.491429986766647,0.34641722853282814,0.6235509393109824
0.2634268291323285,179.59090742535318,0.5458058405170317,3.552776707215921,0.2648790622728505,178.84248964314892,0.5417038996273236,3.526798689544614,0.26559502898652815,170.4209313758555,0.4996003899818957,3.272213107963564,0.2736937809268293,189.72717303459822,0.23957956917157383,0.465018520043985,0.2736937809268293,192.94952330893878,0.2442601189100706,0.4944549616555564,0.26976516206185086,177.13793182117675,0.2446930582307406,0.5896505460313622
0.32584074469121815,68.47550514567193,0.9950785472157961,3.203955691956522,0.3254467373034973,62.0914279032175,0.8631213287450756,2.911661734587393,0.34660510587252125,81.38366590463723,1.2619898745532854,3.7470775634691265,0.3278738172517509,48.34300578949822,0.3278269013237149,0.4341507364318665,0.3281642314382395,45.69186502945751,0.3046430373495941,0.46672613899755144,0.3284510945312973,43.54724107472841,0.2806263096094719,0.5066375722513627
0.27303392141070276,129.5754691162542,0.6039592684055183,4.18982136916312,0.27293507291930724,119.78673720353235,0.5031600162294523,3.602087100382692,0.2775325025466651,130.50873520325126,0.6057215963409431,4.189622582746604,0.285433206473243,123.44167344504275,0.2209781264331694,0.37719755367172164,0.2840740007281324,116.55028848675178,0.20532418464576746,0.4052931566205351,0.2827147949830217,117.41591108289695,0.20172287367360564,0.4616141080878845
0.2782567281165453,46.213309269559545,0.7161920383350212,3.6222013390131416,0.3105406578980228,63.58232971564994,1.5638341963901174,5.547554067681236,0.28515128696474396,42.115305142345825,0.5293598094824707,2.965211939829942,0.2997793479708636,41.213696733419965,0.29098513045920016,0.2975138137807608,0.3016990652688904,40.104183606684295,0.2690015244058966,0.3202997432453835,0.30196848056173176,40.56782283440666,0.24757580657876055,0.365255752564335
0.26729454264123376,151.87092712529486,0.4609631672170274,3.0819795378889188,0.26882685196047484,149.27151996117058,0.44753440614373585,2.994486102490309,0.27111646096398767,154.58904659490082,0.4689758204348017,3.133749671554842,0.2816197063296126,168.82062504715788,0.2226798256599769,0.4058747296447487,0.284301798770847,175.5670779561841,0.23551898534148366,0.41569705514200395,0.28296075255022973,171.8241310937235,0.22962129524199063,0.451749470193604
0.25877379655778227,209.12211611151673,0.4978268630510773,2.7981950091254717,0.2599806183567223,208.33761289343767,0.4940069184778352,2.770338915838062,0.2612673253200028,209.49403408575475,0.49524592826698954,2.7854471454767378,0.2871660325694085,340.9788797225675,0.3095627492762899,0.3450351731103213,0.28587249188215885,325.3396345367437,0.3001649369767505,0.3563285129472953,0.26646938157341504,222.84973645684505,0.26392124653817817,0.6011365962779279
0.23156664575563132,59.682953868017464,0.43931788641323727,2.83514612748239,0.23535271000212288,58.93071175739943,0.42669042276294045,2.760127787773237,0.23968933730972455,60.34180518062757,0.43686054391817214,2.796374199383265,0.24604909411467155,61.176587640582305,0.22853284278417366,0.37781892429899666,0.24628028128437554,59.1584289005596,0.21288968966604477,0.4149770806772528,0.24635851274648227,56.98775850796968,0.19469007431741733,0.45956760625897064
0.11410705036380983,227.03010469607494,1.3190366831796927,6.672707523022923,0.11382484454562865,208.67545144826815,1.2114206170442925,6.368454065195425,0.11541241946037122,234.6428536081165,1.348745183222835,6.72468906346392,0.11218618045283019,121.12599245309774,0.21517771477774222,0.37523524187898916,0.11326489372641507,128.84236926229454,0.23312366834723183,0.40808754522748975,0.11150922180117988,116.34546167797699,0.20080508741506445,0.45386902977262167
0.12139730288223821,222.38121265375224,1.114250445876986,6.44350083366479,0.12255060688808303,236.38571725336402,1.1853443198072011,6.659048543092992,0.12374435714153292,255.44496814561788,1.27217291987856,6.914099401323475,0.1240437073367609,147.05924405194594,0.23771757629579168,0.34486858544981747,0.12404370733676101,157.8070907280729,0.24425919539784774,0.3827793304183138,0.12345582246786631,153.3524353144791,0.2340152722025986,0.4108037233564815
0.10128749281342286,118.4705918326522,0.4529904577344585,3.477373563960837,0.10215661752240003,118.07294501808131,0.44997871722570015,3.4530984577161576,0.10301742309966756,118.65163952229967,0.4470527378035916,3.4294090334048177,0.10685942377702654,129.71560036328808,0.21578214946024565,0.3897235780099294,0.10678840133259922,122.92061295469827,0.20318188018615427,0.4057569717291073,0.10714836865200911,123.88769556610939,0.2016959399647019,0.4252851839487909
0.16749288124322362,66.56805117717002,0.5711884671718408,2.9066584161756044,0.16960155859154546,64.74443420067139,0.5413255922239626,2.7827391130879007,0.17686058841043484,77.3552959441478,0.7762430411833181,3.65420073016929,0.18281262744347826,70.58923611519478,0.3063854223881419,0.3636604475480481,0.17410867886796902,60.24482454193854,0.2416893061911722,0.486429288082934,0.18791437518608697,69.03150908150215,0.29880642317957956,0.3593071696629241
0.15411233759685986,139.01962659935063,0.5038911948070267,4.640179045753494,0.15550406792824698,140.4892031141705,0.523584710154047,4.805138296194841,0.15675217905112554,143.01349659638484,0.5339958864553632,4.826995720934704,0.16231787349643445,140.88770354649088,0.18953718609455597,0.32211346689440407,0.1577239714163467,129.40996496075417,0.15853523324417432,0.44429927263693486,0.1577239714163467,122.08238803570885,0.14516988832556518,0.46843190944407315
0.13511318859054314,158.73881317250394,0.44353922603125717,3.551014028128627,0.13592545973936346,157.78646059456193,0.43681649888587093,3.4860008451969744,0.13707547005828996,161.67100239271454,0.4624661386282554,3.7574059090195604,0.14239728744180907,188.54303961272623,0.21915776774467305,0.4076795066397835,0.13782656370214166,153.48689236667656,0.19350112569415476,0.561975569602506,0.14037268145922416,168.73758625506554,0.20144654808625495,0.5028595194002549
0.15995184641715474,37.25720297281998,0.4349570344023103,3.110358594860192,0.16029947056216637,32.94282586765167,0.24857364452737862,1.9785167460335666,0.16505764020037295,33.57340208690074,0.24646641428583158,1.9480029147230675,0.17262979377133292,36.12724815389078,0.21994900691245794,0.28144382930002576,0.17275715006053052,34.90217017275409,0.18953637329628506,0.3282379960218141,0.17301045298545215,34.41429505155714,0.1622439156245172,0.3928771269089698
0.13554537288256233,129.161022848063,0.9261270112762743,7.013664499117854,0.13631450909746817,126.35582240205697,0.8997365897927502,6.944436914002547,0.13515168569463382,113.1696222005502,0.6513327980548672,5.786596534615644,0.1368549900118624,103.04008492943838,0.18158191304387042,0.3354462067939759,0.1381646071411625,103.15344946702355,0.18181706971690845,0.3383525986696562,0.13620018144721235,95.76859578558052,0.1482183686401423,0.3920313735212642
0.17005272809677419,27.746057178608556,0.8502380588962739,2.9137599565080987,0.19498192383870966,38.744167266889384,1.470280617314705,3.5279835000160777,0.16647068702125895,18.883009459124175,0.23524982847301765,1.0844514544744097,0.16958030893548387,23.6858008303891,0.3104711281139622,0.45713174630432346,0.17699365577419357,26.90890600728148,0.3357179133178198,0.4913518997884801,0.18398404522699519,23.30363182922234,0.285652635083304,0.4279232037870475
0.17275639753322755,126.90399544874128,0.700631010101844,5.261444220092334,0.17185295447584378,113.71257711969429,0.5323038028517939,4.290824482999504,0.17451697345775224,121.55804766046444,0.6149401144300501,4.768857125002004,0.17761094515372428,108.3549635332203,0.19048459244181837,0.35189086475059655,0.17846075828843105,108.10004065294932,0.18748994885039658,0.36766920727003316,0.17676113201901747,100.38278085274057,0.16124554882908196,0.40795805659256307
0.1619529790954774,122.84558835039078,0.5086467218504366,3.706187794317659,0.16280536319597988,119.75176271886254,0.4702934889914096,3.364244761319369,0.16572968636248286,130.84304972949366,0.5785220632916941,4.116032433065826,0.16870519824455613,123.46004475504182,0.20954350284595136,0.4116316307056442,0.16952415551758795,121.42155442836172,0.2055207423789921,0.42050787981946286,0.17198102733668338,125.72395010320376,0.21262929227072558,0.4051719770772772
0.3507806255172413,35.372824156663036,1.7760955706409136,2.60380794297658,0.4924580400000001,1165.6295242515807,3.5409040896255566,2.762913629297179,0.47208046593103453,557.0738350954599,3.246137541834293,2.6959661295831934,0.32434305393103446,29.78350312401047,0.6471386539333974,0.5233261348888966,0.3475175499310344,23.013153985923275,0.5975904077783821,0.43019054755830327,0.32264492275862067,24.693111968986422,0.5413955483880949,0.5817106557164757
0.867483204889871,972.7860482511534,2.3253342185632926,24.198784234408404,0.9457938778172827,5034.074458433814,6.926448212341318,36.533124752526525,0.857843981822418,747.0263762614137,1.752835720025547,21.46861744842027,0.8673721771592807,450.9925225911409,0.12305560870803724,0.1916841430685697,0.8663762526942486,431.72648839895083,0.11676415074935222,0.18932178177036268,0.8862826747737845,497.8148948653474,0.14785397335732559,0.17820862761323467
0.8385887413909461,705.8494632140546,0.5816740211163406,12.906845957554985,0.8374854399410782,672.3545530579111,0.49245011317075854,11.772344849058467,0.8405376862025224,706.1578469957938,0.5633464451458134,12.530078299047124,0.8749899241674416,688.9852846910514,0.1120508634728119,0.19891521717393398,0.8688512831168009,695.3212226577145,0.10601390528346344,0.22952580933990377,0.8664339567704428,669.7663749159974,0.09965969732539158,0.23694180144641133
1.231660126961064,1626.9175667767872,0.7465778522074139,20.028568307895394,1.2326033832605308,1615.5939269756655,0.7549843156377155,20.20918259213948,1.2312813760604366,1517.7777631459826,0.6680640058149565,18.27872285580604,1.2540195527232314,1506.7606550827527,0.09017171081255217,0.2805296134026027,1.265390354199743,1484.9518618884808,0.09278639619687265,0.22765206131030877,1.2675549831369504,1462.3902094070772,0.0924546233628926,0.2197845844415881
1.2541949686151703,2057.964900012738,0.9708924509331298,24.50268340768505,1.2569512503737692,2086.646644520211,1.0829791680238587,26.87917215610982,1.2520644593229178,1876.3931068988811,0.8293302366164014,22.64432224872623,1.3041663189269188,1799.5700071402725,0.10855046267469878,0.17575767654367505,1.3020850480136774,1779.829138221312,0.10571722278427984,0.17997988303399853,1.3057781039546876,1875.992573729604,0.11090893866420763,0.18135568113525796
1.2492955134024224,2247.3034724997124,0.6282047294433241,17.031385360622412,1.249495573286868,2257.949145679,0.6086573626811378,16.699870773852368,1.2493394344442457,2184.2954438519005,0.585599134644438,16.35088390374131,1.3084374182688854,2586.170615173853,0.11394109866346315,0.18954749436556625,1.3010647853882786,2582.3952964742557,0.10717038250564209,0.20392265267581997,1.2948158060055641,2779.597936357642,0.10840453205852382,0.23538757297347715
1.236714402652672,2985.5591136949074,1.2766988351865276,38.545429130439736,1.2318067208004235,2736.0491401979552,0.9420298999444949,32.024566779690716,1.2338608663564603,2884.387394790148,1.0462791930990751,34.50818911285686,1.2586806090490266,2269.9083100683956,0.07212556958631529,0.17993197663437957,1.2602545966808494,2193.289379083556,0.07352160979945757,0.1787325673558561,1.2649031210324495,2435.112927647996,0.07995804309461496,0.17972961522048744
0.6307268495412099,1988.407333737173,2.479652563314969,15.580708752580238,0.6306959109438784,1831.7158074780039,2.4692372404849428,15.774141710040373,0.6223220656648595,1148.7745742937595,1.952592060356747,13.520554293564837,0.6699517505300352,493.97553030974467,0.27806568972052803,0.199660966178432,0.7250560070671378,904.2782308646373,0.397457473846461,0.17739239313979566,0.6467499583038868,441.6342519243316,0.2306582353846728,0.23984439467685656
0.6462244285535581,1986.3854206739418,3.6588114417327278,33.94427488976193,0.6197244191306808,902.0374748635909,1.459418299546488,22.69149594881319,0.6169866449565137,840.4835011469845,1.1864323999736337,19.997830937912703,0.6322887924159621,609.1029883433093,0.11298098479592107,0.19073673895005833,0.6331623663857388,610.1103102330798,0.11290680335615674,0.19203074516696972,0.6327759599855096,602.102727257261,0.10977865286493725,0.19491634314607498
0.9099390648808044,1324.8332212938417,1.6448640615492147,25.73191917630918,0.9062389887253471,1180.401213076479,1.4190588273631755,24.283313868236714,0.9148917653405971,1384.0386461251342,1.840987431222325,27.047053750264354,0.9194881009478196,773.321320659946,0.10034797020185045,0.20385662495901072,0.9286073483960754,826.1251531947285,0.11228444161837776,0.19202164993962048,0.9230606925066753,794.2455362177368,0.10342580446396282,0.2059022061535613
0.9492014068207685,1220.4603020943136,0.8101275281796901,17.94400763247774,0.9496433195882402,1232.5240449366104,0.7927160922361111,17.162905843199308,0.9538923374523426,1350.1159114962559,0.9567017210040276,19.54886968116694,0.9769363868517166,1126.7873359016442,0.10829916435446811,0.2385401969054109,0.9775091138355979,1077.6037566898237,0.10486047503833201,0.23075769556210832,0.9766210621067862,1163.9680241949777,0.10956123603231041,0.255028450840156
0.9842670178807456,1981.3221784709087,1.2501669722052455,32.587635366602285,0.9838831529801523,1884.643764258847,1.1979727805303222,31.8965513771942,0.9807354294823902,1708.733455334959,0.9613697698405971,28.473044658300573,0.9988633550235464,1358.5149169274619,0.07338589910787235,0.18304625199941899,0.9855110564553535,1330.811142254935,0.06204854652603063,0.26198832895977164,0.9943653190743155,1402.0103028177164,0.07223899506428726,0.22604512984425024
1.0058716509313788,2420.6465369926204,1.4045304709284592,36.37111790732408,0.9997721790812657,2153.1366341758453,0.9487896813592003,28.298938896941817,1.0006054323483586,2094.344280724803,0.9793772362050265,29.503685982335426,1.0180109040364227,1686.6816023763597,0.07486289103807105,0.2014642118387224,1.0386086835414314,1877.5763745322688,0.09803684612978873,0.15746432997246246,1.0237692749342548,1776.1348171393297,0.08126300368588746,0.19273654045363026
0.9864117157983078,2419.830509230101,1.201190715356464,46.141025957334115,0.9784181925522948,1948.6341255112936,0.5475141960762807,30.041859823773247,0.9834681458966475,2240.6405497726178,0.8668961800724948,37.72069082824205,0.9872574209118118,1824.181912718062,0.04299684608107746,0.22507345326426106,1.0136442806075343,1952.5713108925272,0.07034139450313599,0.12491500509987667,0.9876512985038854,1783.1241433063271,0.04508236742135823,0.2475971886479198
0.6478476925903035,636.8857783196019,4.85836883989385,35.551700927216636,0.6762890697936528,914.5039450675339,7.211044147800041,39.01525650525859,0.6555895891921137,727.7890396418446,5.190048613379854,35.12063725930048,0.6173109672418132,298.7028458399718,0.09747464931506725,0.11754144605559082,0.6206389219570058,294.67724053237777,0.10041023829323141,0.11747452929619133,0.6025704705358383,278.51577520670753,0.060779676660274534,0.16224139433773702
0.4206889273164151,1101.684160883935,0.654026112711333,20.671416305343236,0.42043527519475216,1037.648366036285,0.5794436140884535,19.104468468066493,0.4208068736965494,1075.5575684813844,0.5816987637038693,19.30759288525043,0.42773081393782497,1002.6616958561707,0.07220450243438196,0.24018268038684343,0.4305538916996463,991.6129294048327,0.0746802196899783,0.20402384234086182,0.42911658577267603,979.7822428573122,0.07072009332094265,0.22372448255012833
0.44413892382725456,1716.817911835268,0.4482868972418332,18.24723637538922,0.4594250195155411,3670.0825036135348,3.0411312106225905,57.255276488496264,0.4462658885941879,1858.5819775843358,0.6412000021949096,23.834245572258897,0.4593419637707778,1826.4430915016392,0.07744183190036827,0.1707374685870285,0.4591339191402086,1698.7919582099044,0.07456524916117097,0.16748900798038346,0.45810005902412404,1885.0205412521875,0.07659056847830321,0.19543597405718927
0.4769261752311738,2400.207760649094,0.7553884945987729,28.56128001728378,0.48332052282205407,3536.038276887375,1.7998782458188387,48.54946843582758,0.47876390149103376,2620.2559695616756,0.9801897336589385,34.57500445923432,0.4884727913691598,2111.952656890303,0.07058739990959072,0.17869920989162377,0.4885620134475316,2008.897925149363,0.06845501523216613,0.17145514149890115,0.4889274136940412,2151.099814559917,0.07006331837147868,0.17645571038862812
0.3893588731423896,63.14976733067405,1.011468463770849,4.3309044649785395,0.403616296809088,68.78307101519975,1.1712085743571228,4.574937927949374,0.42492593316312177,89.8827545991326,1.5367146860139085,4.975779504939691,0.4081809792597898,46.71378249802467,0.2956761802375925,0.28427037400499033,0.40841809453387823,43.65583577642875,0.2614986732920127,0.2875702451087047,0.4120990317184943,43.10425873567267,0.24239673837822331,0.2972558254787767
1.1955640978716948,207.88407087238366,1.096961912423212,7.0155587754769435,1.2009313613979675,206.53374907729813,1.0863276010468483,6.9632589893628944,1.209752243094365,213.6474424901863,1.1233850717196086,7.068710717608114,1.187266257767442,132.41237967601734,0.18553470370527933,0.37185365455930774,1.2100983011860464,136.2226819447092,0.19428462546513875,0.34373723907700454,1.192974268622093,134.77543245320695,0.1842927252560134,0.4293663741797546
3.512476517969317,348.4047782647593,2.062049225472789,17.65221973085309,3.378040507932572,242.69897924668405,0.9055757706605887,12.764238092328824,3.456761608100928,285.9853785483294,1.4139316572438068,15.417292656159507,3.3694163200318217,181.2431017899705,0.08359171913811045,0.21671754264243512,3.3874785722062555,184.6910469006523,0.08582928915663916,0.2292052249862987,3.388753401618069,183.10246532979278,0.08018600352942179,0.24534495452057975
3.643314015039999,916.1409956346238,3.849570619639275,55.84067397253141,3.9406086554276922,5063.733880870688,9.496090315152587,59.66238135570978,4.075126710086819,8234.758626380308,13.650125414385915,69.37622289254848,3.5396816459381784,612.1273630161055,0.05449384050661356,0.17124611835347228,3.529569567196126,603.0734943378599,0.04960254464645798,0.18917285716971133,3.5440134149671745,609.0887185965942,0.0522720231744917,0.17907467782387587
3.157026954695903,2376.5285740012328,4.166805983831634,63.87811077017162,3.2874954382066854,6074.216251771318,8.657874088447196,79.1766251998855,3.1581528109529584,2488.4771280592417,4.022327841819918,61.699094210333776,3.0673698092001946,1006.3831863159088,0.04442453116230513,0.1418209375708252,3.1005810869522645,1041.7613385930797,0.054934249912086876,0.11458189947020916,3.063836177919551,1008.5019295483762,0.040632383882867475,0.15244387000481607
3.1342185272824077,3550.953018686901,4.297323568521241,77.91956989778602,3.3295030346621712,8286.880712735063,15.260848303617616,128.49867127182821,3.1908326641394265,5800.953429797615,6.458970573130762,87.07799426881176,3.0587407037951464,1498.3079687429477,0.037572455151441995,0.1315726358646893,3.054366815148409,1505.8919617203746,0.03628505237476167,0.14995947873571167,3.0178625590034014,1400.120914978944,0.02294506032998293,0.2671692064926313
3.318813634780428,8049.004280878974,12.788450547632513,139.84976807241193,3.3231687151045652,10282.843781417447,12.333508396931173,131.72198992629657,3.22050368158406,5459.643138664323,6.226558148394337,103.24181234973395,3.144914573547716,2006.5355653594108,0.04687402101908068,0.12102577164616411,3.112393165313441,1950.0074241940902,0.03402751094112673,0.15624647060132113,3.1075088571884897,1862.3130458954513,0.03038410348438053,0.1563417029258556
3.2132051962265016,4416.424414409556,1.0580898059246937,48.52505503869101,3.211097970309391,4135.206105711021,0.9584310297284153,45.58313456452242,3.2021427193873966,3741.964485964525,0.6776427695530773,34.98849290562279,3.2610594929381587,3507.3639367138053,0.05635403703018365,0.18246682066159453,3.270712063522711,3617.7981456774028,0.05697763296194445,0.16282454733866294,3.2306752928907962,3282.302998616443,0.04692402012426897,0.24664014877672827
3.253057189894469,4844.203195337095,0.9792940028096924,55.16402226391753,3.2600075198075276,5138.118474784508,1.1977102724278121,60.159335927552306,3.2623398679286795,5526.848109415358,1.2800818530402522,62.397639658916546,3.2824575786604,3876.30250151445,0.040451502277715004,0.17764905421684507,3.2596422223792754,3813.327300925402,0.03633346310825321,0.25927695464355116,3.2912085033769842,3967.1738031815885,0.042531027165982956,0.1635277274253866
6.809220634354162,661.5245243343717,2.3135391951449744,16.41196957766693,6.793811817610874,601.3402576816009,2.2083752054386534,16.292398183635374,6.733807507753811,518.9414269377633,1.8800034897428586,15.18342339772424,6.754055721182608,245.19381014468382,0.1520452888888866,0.18970771256349278,6.658767494512285,243.8033736889079,0.13486645754956803,0.22950242303517912,6.639167427844606,239.5740412136213,0.12600046243290508,0.24214259267417781
6.788049013082416,707.7533454859196,0.5448043511055776,12.40895487164393,6.7979876858344435,705.6343033023146,0.5457590138863939,12.483280495600471,6.808142165651186,714.6640787324111,0.5477696071238692,12.2964283046613,7.124572953716987,694.4635833160534,0.11829114506135022,0.19077556816599145,7.1003710265369815,724.3034347118632,0.11686427080102238,0.2122771086646202,7.125659037251281,744.3388876304357,0.1196662864227724,0.20885090926782002
5.994727592671498,2019.1149257322124,1.9428022699254635,32.270520203823466,6.024130255334727,2349.8785148989277,2.1600983856416622,32.62029506797599,6.0437227032216265,2402.3891884588184,2.374655279659248,34.90326717930007,6.179867456859349,1024.7902405595046,0.11630102007572847,0.1430738136734085,6.205661476912112,1084.9240681313563,0.1189270056048093,0.1414536014641643,6.041892326825376,1004.8554729518683,0.09256094908391727,0.20225926212552497
5.759746190519116,1916.0641130579204,2.702118055421338,45.799229178041635,5.817424901375248,3020.8089837899693,3.1979987839493966,44.49653942595682,5.812369018629789,2644.312667632997,3.175627077182428,45.656871333481575,5.670147457595611,976.253467869467,0.06209486189734613,0.20461023060042666,5.653131592635309,913.5383088215232,0.0527816108710396,0.19605570166125247,5.642968270390843,904.2845445013133,0.04996017630735895,0.21224519793331262
5.629891507324435,2108.542538590926,1.321123193245461,33.21991483834867,5.640134004215116,2097.480394930056,1.363379041264215,33.45111301737597,5.64105627170177,2230.711243426456,1.3724899182471382,32.443036640053506,5.721638966318221,1523.3151225079648,0.08153068954453424,0.19798275632389015,5.648985331079043,1470.1677617126688,0.07118167987408525,0.2687546932557774,5.698762449473368,1384.3490123526424,0.07108652553408823,0.19691965744897577
5.501207527079148,2380.965809612167,0.4822313473761016,37.38775689676246,5.928899165571627,13446.956383233792,12.80458608584203,142.5150244296764,5.7579257360086835,6253.266356702424,6.489143602280846,110.50705341548436,5.5286728039786395,2136.7530065452806,0.028623604785452356,0.22723510261419258,5.517738296453284,2116.3717348334485,0.02589856316811811,0.2571143818102286,5.5151879443143885,2122.2041862691026,0.02468798576788803,0.26967629197698084
5.557925250489217,6648.144107602565,1.7838196636003134,55.239714167497965,5.643727926448848,13503.65561735266,3.7001488548593526,79.22182311306895,5.575929280198005,6627.697753451093,2.1497644310970383,63.771284950928525,5.657762984243997,3623.3568431908466,0.06882810829719149,0.1479110088907631,5.601440179885191,3357.833165757595,0.05663530315498452,0.1768996441689219,5.604624406167032,3733.537291067144,0.06443318809274605,0.20706593470522808
6.834610938657867,313.8411981732083,0.913960013937963,8.153243783246916,6.837614503972783,302.419055956153,0.8553778094851381,7.767640295826692,6.880146700328796,314.48109174813254,0.9142024639333148,8.142274793697663,7.090530606334716,261.46617347514194,0.1915424373087365,0.3033504290901744,7.387643770462633,261.6991329635743,0.22349750366122534,0.22593491334852042,7.055130363861883,236.70720155874358,0.1705312478654319,0.31931506908846513
0.7073220268575966,499.2823836954807,1.6423441753413313,12.752697037749451,0.711039451508541,521.4837769637319,1.7264752821995213,13.08011276877063,0.7144356910661145,553.1455892303113,1.797877093376581,13.250735540985184,0.7336310618794759,271.4485903155426,0.199887477099864,0.2049909952496018,0.753548647269869,274.6918872380785,0.2247036985911252,0.17727318975961381,0.7203526716192139,268.602188979618,0.1743709243000801,0.25042406874252937
1.4018544061690974,785.492950336368,1.2666001951798174,13.281521937783133,1.406629667936035,844.871767895981,1.3344521822534847,13.363160732679733,1.4063167134874552,801.727784740903,1.288608847039533,13.220021052104675,1.6640620616503499,985.4029716476106,0.35374020003059803,0.14933540328654432,1.670826541575758,788.7076476121473,0.3467299010073697,0.1359189760196916,1.5964172623962707,670.2652301741584,0.2828414013947416,0.15539041766534883
0.583434907050467,919.614154054113,1.5352030906315317,28.695439706594723,0.567575504122522,603.0912563599054,0.31606262012919795,11.168657485503424,0.5804015558264293,830.8939217607153,1.1369559623540975,24.15305013823368,0.5905453302748358,660.1625881397721,0.08992633870236019,0.1849964082028453,0.5918119297481376,658.690732483464,0.09040340804233503,0.18276801851095223,0.5827694078307593,612.6796030372498,0.07024836802737582,0.2300022239172171
0.6019323845543115,11306.911903213837,8.880965756982908,61.80591229125712,0.5863400012489423,3741.4340637140335,6.375480738342597,55.76630297940172,0.5906498720301502,6061.461916587854,6.8518194239641055,55.67044535661899,0.5502982907364653,746.4251433548104,0.05973853630420485,0.16658015559803863,0.54269530146987,727.1468313554267,0.04687932464440074,0.26431769766823954,0.5522152547391311,771.6067678875901,0.06317491249905888,0.1771655303347699
0.5702586250667561,1275.9705553337699,0.9439350385274297,28.60024897267379,0.5700243292356436,1215.690570197768,0.8836585855847956,28.17718645957599,0.5806038746304878,1715.8456524843552,2.0087198444751526,40.50558906277057,0.5780579479797312,980.4791588823098,0.059737881916215534,0.16629298865820427,0.5724644088021225,1000.3503865198071,0.05514381337681792,0.2525085749659911,0.5733020437000887,993.6254068299379,0.05471764801970647,0.24485389345430855
0.5677223205126267,5176.143742223854,3.166713072918932,53.525115143506504,0.569149276156057,6231.849614602255,3.3707744145782024,54.65787091505526,0.5712201820851299,7207.589997504276,3.810443921823296,58.73145532165391,0.5597184916899284,1577.9461605462166,0.06078150308594594,0.18581796311322726,0.5666775780901921,1683.3215727839563,0.07471457553204308,0.1558857339578382,0.5635319523945007,1624.6964159840254,0.06413018366068968,0.1573538555418291
2.3450382857142857,974.4763172536789,9.254425301959508,29.71749886396316,1.9206929518724252,193.80470335307507,1.8020001131281616,28.24270439378737,1.9647476331935416,178.92260170615862,3.892047157720378,49.702163783310745,1.9786082396917835,170.59497348415016,0.1160342242962092,0.08739303854996665,1.8529097796814284,161.49457855058571,0.038799339204416465,0.26566079975302864,1.8548244628827395,159.5437417708545,0.03316544486992874,0.3156597041516394
1.7743239920360327,869.1631360441016,1.4440324369557267,30.666803286849678,1.7658198618832615,796.1974430101033,1.1317593129997705,27.627964456722342,1.7967042904608719,1044.9435203568382,1.9569977721332983,32.944420278278855,1.7654536435662787,639.2433192203816,0.06394667918214954,0.2435241005808978,1.7686808813447947,616.1256454627484,0.06043829938741516,0.22309290570301948,1.7683957803984878,629.2357069240859,0.06135348322599174,0.24633515339046305
1.3513876614811215,1378.1498995600687,0.1628303783108842,4.52607736006224,1.3529358747734703,1405.2218092996825,0.17744551211180518,5.386068302033295,1.3572052606066152,1501.7836990126848,0.26911180249370187,11.667956742591286,1.3740145247403097,1655.2063313514132,0.06135766791243072,0.331847941094234,1.368894208748172,1660.6697948155654,0.06162091929650454,0.401209146068493,1.3671927531349783,1584.4140040994535,0.06548992853008971,0.44590010183086976
1.2606018229946643,1679.1160910034253,0.39354146242383714,18.14208083446658,1.265172193546067,1830.9206513821678,0.5575441394432841,23.822349293783798,1.2586779954435814,1575.670425052591,0.2740110627267388,12.49629682035012,1.2647764111525712,1661.9854030710562,0.06902778701292199,0.4845418140616525,1.2840287218906528,1790.25786781429,0.06551819557433076,0.2654911348859897,1.2876222886207345,2034.8465851190763,0.0729351851498722,0.270832059252879
1.3138867964134031,2602.99455114387,1.050478782611278,34.434260582604566,1.3093935993922277,2274.373952852332,0.7787364646171199,28.685388409512836,1.309822697179056,2231.4599415255307,0.7657718770430973,28.529553489829894,1.3409217074719055,2003.4926743277667,0.07104068422039556,0.17419945475165322,1.3408537863273666,2081.321274488322,0.07417147127135743,0.1900913237142472,1.346354413236289,2152.4872981790904,0.07837652567216287,0.17978735396812687
1.3730010818847476,2443.2859780916806,0.7653408666027482,27.021136209533935,1.371486740384345,2311.6638493020796,0.6633558821297217,24.688165496068773,1.3799291765352624,2802.020926322507,1.0533889835308745,33.19078813378216,1.414405464439241,2155.0294349341234,0.07748972383955822,0.16319238830871968,1.4081211344651368,2199.8491190796262,0.07654977624752814,0.1930326675721113,1.4057974502928097,2292.76216470091,0.07733452484319818,0.21190611454037098
1.4219671672761183,2386.2356070688147,0.7448845914257387,27.191057409305845,1.421450770602581,2307.7513970281616,0.6914200383151973,25.731233642875726,1.4231949464676836,2433.5790027605144,0.7552042165877768,26.940879954335923,1.4569151681608672,2179.615500233391,0.07454708363861294,0.19167923826415587,1.4646165223745535,2154.8834257687627,0.07773921874273945,0.1698046279712097,1.4494254160026139,2085.705416338457,0.06836569722467503,0.21699204255987775
0.4973489694554136,757.8644852206762,0.5702417268976162,11.781831119433653,0.4990604687358853,811.1673636512987,0.640005534727292,12.593253127561503,0.4990320088123331,781.8270869570949,0.5945839490650214,12.022305840144782,0.5557539435976745,947.6663024356682,0.1986694259320043,0.1332873018581016,0.5220475776280047,843.8255705048585,0.13081305471050908,0.22679417247119052,0.5158233651926053,793.8481685204661,0.11745397022393371,0.26537468789276303
0.447117950261341,1089.8870990631658,0.6895533774417472,13.111268206866725,0.44648918080843647,951.0472696957232,0.5999727519724594,12.104098760849087,0.4469437898814849,966.8227215124559,0.6015256834758065,11.619437507019185,0.46561328799999985,1049.3949684392658,0.13054904050994054,0.24500808854883013,0.47211021759999994,1095.785343384084,0.1421093178757506,0.21007799804428068,0.46424662196509425,1075.9774901960714,0.12842380852112653,0.26489733098775603
0.999973807578197,290.0847650335006,2.271934566257358,14.61377049280686,0.9708932354714871,220.9635056177683,1.4862254200105813,12.595009655639203,0.9913534400000003,248.36269919160134,1.8671104693096539,13.721493710270185,1.0319088080000003,165.21016674803428,0.22175580791771127,0.15921585635402094,1.03641496,161.9766638396397,0.21790207153687188,0.15710747102157932,1.018282458533415,158.76396232219832,0.18748324180421863,0.1722530480103133
1.0026565903218805,433.15321412094266,0.2811431005307487,6.158201674650612,1.006558198258498,449.33108832473613,0.31667100345450944,6.888092852485798,1.0081263001590008,440.0607172139219,0.2990838687642047,6.6258585433509145,1.037972083011078,491.27966563028326,0.10188324301333607,0.28478639626654795,1.0364222492014885,479.89097051865446,0.09758531301586605,0.2976516628847246,1.045931859145834,494.32054272280146,0.10450089097049847,0.2683824940180425
0.7882343402707697,965.9929644751259,0.7025245582412702,15.871333524786154,0.7877784413242988,946.9381879942459,0.640009380221908,14.934293745333825,0.7968741128609265,1132.0533673570671,1.0920173804945774,21.691752801487258,0.8239917914906911,1031.6705767747392,0.12556108282811987,0.21166782582623425,0.8307152810160725,1038.743121730663,0.13192307869082479,0.19367439329648614,0.8203226824315881,964.2468383806029,0.11576089929349806,0.21986416360402145
0.7524248993528642,2694.0057739169506,1.36450841507271,24.682903788315702,0.7504176161056231,2429.2428858810886,1.18576817868877,22.74221055549306,0.7504550898491952,2459.6460436966227,1.1689074344503332,22.102475020457174,0.7826632387027971,2127.265421464067,0.1393873197547962,0.21008127814588126,0.7799022573999997,1947.9240626321675,0.12930463852371613,0.2070487748977539,0.7794655132706722,2077.1727160965656,0.13527653217239902,0.22406133401881237
0.9153516077146626,624.6482736538438,0.8711229445230676,12.964620582746571,0.9175312748931521,623.7411446425141,0.8971031830278642,13.451732296628467,0.9292259499752453,778.6609226052983,1.259039564891352,15.900240291873342,0.9644348961231882,530.9064969584825,0.1511854021594529,0.19790923141901454,0.9644348961231882,571.5896361769047,0.15528141527895659,0.21537467394643456,0.9599491524202898,541.8243738518358,0.14609652326819508,0.22097385700903374
0.9481979320361464,870.4024913656291,1.1594207900183853,16.673004283658123,0.9391473878223308,723.6338061861317,0.7900721669003644,13.11769403716916,0.9478405699327583,833.1304738743883,1.059293389695009,15.833827888217774,0.9787437154297697,712.5618218999737,0.1436836004217539,0.2413302350832005,0.9809329634999999,678.4196379306359,0.14041299632834958,0.2299354627895153,0.9787823656390927,697.6720384143865,0.1398141680788286,0.24601075994166727
1.0005483422568564,569.7320297592571,0.2424594249946794,5.587869734824605,1.0162854707693565,740.4901170031594,0.6479605104743907,14.194556958178676,1.0183804987978922,740.3246167859678,0.6733458936278914,14.767392408869103,1.056010397980231,727.6419598316464,0.11580962182748475,0.21370543973395772,1.0556494688500446,765.312785658079,0.11804223030174611,0.2295184310950744,1.0643755050455197,744.1448376966204,0.12063154657026257,0.20020841583071827
1.0961380052467473,2237.0997898895125,1.159339308448642,17.33521897793951,1.099133235610584,2300.0542288439956,1.275311250065366,18.983812316399018,1.1006996322910447,2320.752160182248,1.336983904812605,20.02714455514937,1.1443596962279856,2015.9220975500828,0.16634555073097435,0.25492352885719394,1.1557478610029663,2089.241134654978,0.17352160979132109,0.23016142955750996,1.245637916702941,3222.2484494117066,0.2587063056389892,0.1442794011340733
0.5897181530434782,427.24075937485287,1.9335173068878517,12.521141172711392,0.5918503056663015,443.8105409264176,1.9675964989694554,12.60120602522938,0.5926231255482004,449.3240297786937,1.9309086549809433,12.36023388452842,0.5813690478788537,195.17521968048374,0.16765765201463348,0.2548043372441956,0.592461028173913,215.67594140496473,0.19112379745520167,0.25122669503489947,0.5900239448296645,202.03280506369654,0.17451373690961078,0.2511588319183358
0.5260395012923857,6267.428446148629,23.0666856278855,87.6139136770499,0.5269844604265451,11731.863421980832,22.362887310930777,83.99993956157529,0.500525619102455,6085.447289003844,15.361286048587537,75.53213541817354,0.4203433878483897,538.28641237825,0.016386486587349643,0.3307857672091895,0.4201868480539904,527.1519359666147,0.016016210532312974,0.4527786052327689,0.42232901612529417,555.7340332572476,0.021759881918199424,0.36290997846833417
0.6085452806874406,15557.596326899986,34.9333973262631,130.86074045276723,0.58762942919145,14609.656119807692,26.159903290624417,116.6576723684045,0.579923542112613,11749.562917463898,23.416776278593783,112.38988729421428,0.4954392291007872,1007.7855118079566,0.050973780504236774,0.1858430047457718,0.4885442840242243,938.7677541579549,0.03674942463663287,0.3130046886829765,0.4945716921632654,936.7989459164656,0.04304395916910751,0.17937608536878935
0.5673514957974619,3756.7928199465696,7.300459188616245,46.220969652763614,0.566126628985549,4614.055686945913,6.964694668538133,44.605698992988,0.5361703100819306,1287.1305875146343,3.2863535740672547,34.62639816948177,0.5035385439529181,435.42438405546403,0.035781025671816284,0.2509747957610981,0.5112715634340643,477.14749674334945,0.05499778883094795,0.20906037684769133,0.510168960520631,472.51772036305005,0.04975925517900153,0.22727518620141962
5.874230336875415,5751.083373647674,5.531021048709945,22.568110756964277,5.814741852385254,3221.706799871482,5.141479140299114,22.099222440967566,5.855655655858477,2693.4053963107986,5.473352333794695,22.881245585471888,5.446435717333333,205.78410247333525,0.1660299985195716,0.11150211274015244,5.470969211555555,216.27866534983684,0.17024231323357525,0.1250770417251846,5.348301740444444,220.93825814894527,0.14555050926874166,0.16791667534706375
3.9003913103688217,10933.621017598854,36.43427055121204,146.99337604858331,3.7753181045971695,12703.145745360694,26.227418178525767,125.51825648706225,3.8151489214510357,14706.80415784204,29.766636365980634,134.68172695773464,3.164820946258434,968.730584988873,0.022222921257998487,0.23914173166704056,3.1655180937385072,977.6759641591592,0.022677869486303313,0.2682354705398685,3.1766532914070824,946.0033554939812,0.023208977293047273,0.20748486047618836
3.0779469396594443,4622.673232453866,1.8400244182249001,80.38911397004199,3.103611786952708,5469.080313997189,3.0250649729243837,97.67455539439388,3.055019041133454,3488.4485501719387,0.857710363625695,58.4662866108508,3.0709226296353878,3306.356523295353,0.03604692871240109,0.21713112105192187,3.0580986086614934,3123.6814073297137,0.032767548440058525,0.2722019072436226,3.0318916268205816,2751.835865606343,0.03753265379714679,0.6155890386832107
0.7740220946860349,918.8501044540986,1.0978037320674883,6.834644384074437,0.7742814335007245,904.193401840969,1.0842119611547885,6.75498126951381,0.7748157721644063,894.0672916630289,1.0819637234298747,6.796714319494433,0.7877715795197073,742.4014512125034,0.2731746819667962,0.46679109142144,0.787139651519958,724.9420087357258,0.2752100602510357,0.4759443206564181,0.7774702374144667,539.6176324805908,0.23378312412831992,0.45164673667683064
0.871964168336183,593.3840881494901,1.288869471609125,6.797045043905731,0.8487354946251499,452.8197331531338,0.6991002998197023,4.0605619349135225,0.8483542409742904,434.6205406038172,0.672851907023221,3.953397152460226,0.9339881700070152,1003.6655936427695,0.3383572225839922,0.366746209729387,0.9339881700070152,1010.7645280659973,0.3419127273218632,0.3797188096160282,0.9163657517049959,638.8285261055977,0.2950506871941266,0.3740182074958602
0.8793250523243682,410.11050667526354,0.29018702408155617,0.5210731772731515,0.881532069033686,414.53195057267254,0.30842891312792997,0.5809188269214398,0.8879550222735393,426.7959717616542,0.26941832287457174,1.5352364126036007,0.8904190241064299,416.02208835254106,0.12457158534991401,0.767064940649727,0.9315783597745838,520.9801497286559,0.09982770848273574,0.23821614920246656,0.9463470354127275,527.2756599263452,0.1100729989351329,0.1882749022669878
3.505238408473492,1037.759298525958,2.6235928396356987,27.904427989960865,3.370228714488963,589.8149899708304,0.9046236244915705,17.333567458918733,3.39367525892855,641.2115039451677,1.0889312272433576,18.65367029072218,3.4682561895716857,482.4482937748499,0.10704844116904398,0.1891565919619865,3.477546793582784,486.49608439351556,0.10834302788925784,0.19011598203734162,3.435548593664099,474.11811181390146,0.09467629361795259,0.23297419791601995
3.422231297682339,593.4901827591206,0.2861973701504721,3.0673342793929983,3.4294434680186865,602.7230544638103,0.2931743092250361,3.240780604322805,3.4343044137297545,594.016269800143,0.2877336197424654,3.1737225207311885,3.5094805218279754,733.5838094928454,0.13083887881247686,0.4433627507832711,3.52231314812168,749.5553230278235,0.13159965642289706,0.42622089668148455,3.572768206870984,837.7193899140669,0.13964816818913353,0.35119311289707783
3.562533655038235,1040.3923818060607,0.8713005810210689,18.323021860484786,3.552630398274444,982.861997981618,0.716424806131131,15.948550939873332,3.5729416372375935,1049.1941757713819,0.9138936093689957,19.269202932324987,3.6555877081784645,865.3493223902351,0.10031134172642496,0.21914437703004186,3.681597930453194,930.9485457275025,0.11045703516876965,0.21460017656917016,3.6282956214455084,867.2178184171926,0.09461281284609423,0.26789363077876704
3.4087118033642745,1012.6754601321145,0.8706196798693168,16.73971499038599,3.4130615859486166,1028.106318017489,0.8807695677946117,16.745033309459007,3.424386502017134,1097.6836628402002,0.9770326824224205,18.01864161644956,3.5907581301817206,962.3335981221015,0.14177298380127104,0.19221026386399306,3.567528726740898,1050.2322515097544,0.13973619894066444,0.22141726488094776,3.497931050747647,939.2138150630285,0.11786164789040277,0.2787468835333908
2.8946936156281735,1001.1668607040548,0.908615575485784,12.986838516738874,2.900380045215478,1023.8385514456354,0.9419036934264687,13.300065295764957,2.895405219167967,971.6238374600371,0.8576984381958471,12.921332369170974,3.203560894436,1145.133240085167,0.22061817411370005,0.1668090915232283,3.203560894436,1253.516975486599,0.22428138962910077,0.1746529998474041,3.3294650343919994,1166.621862782883,0.2610728090440059,0.1343113302261702
2.8552451434797215,945.1895205356293,1.0497154917569036,11.680805663892821,2.8556794476281215,937.8215217855745,1.0279472287441183,11.594819858667087,2.860756589864685,946.5974989655059,1.0510300173127907,11.497167737888342,3.0033600298566148,913.5971408174889,0.20022312184278535,0.27641284761296653,3.011416090274075,941.3966982898571,0.20331623916099487,0.27557305989222153,3.2701868144204647,1206.7775652357911,0.29125635996010046,0.1698184739643502
2.685255799342231,608.2381354247402,0.5918228292655947,10.07115631698768,2.6873522696086027,589.2900611201067,0.5684940108556622,9.9182391564408,2.7206350622905973,715.161647617866,0.8898055111525344,13.641948875705973,2.854467388593156,658.8336203671548,0.15385334129735653,0.21136134045201987,2.8282796143858793,642.8214085444241,0.1434149885920524,0.23525989505785222,3.116345130665922,809.9767109547364,0.2547287499648182,0.1299910737454774
4.50734887771906,6317.41748543534,3.9915647662477225,21.18168812859583,4.275543745498815,975.774406895062,2.1065594515791344,15.869221040834889,4.217476020092838,690.7376103157121,1.635890361284215,14.03188091977737,4.259176406419321,370.4895806082424,0.17192036217299328,0.26531657331931224,4.300317860839795,398.8044764880037,0.18442265465680002,0.26272152840926744,4.291486046822485,365.9155979620338,0.17221838553980762,0.2578651905488427
3.2037037806530817,819.2344683689687,1.2128885815248776,22.00627808435723,3.130947934108757,579.162299919699,0.34558656224571066,8.57177405572994,3.1433016459746357,593.6876987110381,0.4061648743918191,10.36033153523846,3.287252113953686,634.4804365057153,0.11051339756173982,0.19423635800182648,3.255504298073858,633.3522228597335,0.10292367015123957,0.23724288755419487,3.267513968743211,624.4942308242147,0.10160081672241536,0.220218513075006
2.951725817622174,979.6051730040269,0.4861693223344308,11.69082162171654,2.9566011570164354,1008.8856388070243,0.5076299904155682,12.18628599366672,4.029362377726699,8426.639050685942,43.406459119887764,111.86876701616559,3.0220676013252064,1059.7272521001019,0.09990130952646424,0.3081674250843946,3.133721976479274,1159.5082789129285,0.13101036954674722,0.18343323629446262,3.043885072712741,1105.6333549897868,0.10499240445976106,0.2830427213572246
2.8181355598184012,1432.4343207807196,1.5536544700843689,25.467063659241905,3.410731365456641,15776.592439636617,22.153124295492127,82.43200678919898,3.211856791177263,13570.654754091607,13.441570794562217,68.05629164365583,2.888716977397021,846.5084627846677,0.10697270860033574,0.16587075943125312,2.888716977397021,952.2953752341782,0.11616294983580655,0.1973004213204136,2.8753432876868947,926.159064709441,0.10942231296067731,0.2089982670914045
0.28914776696415817,940.5188271427295,0.840606837477692,23.604406163707072,0.3021506578141801,1781.131521474328,3.5529197811365716,44.90274895637786,0.2901753396446702,973.3159807141601,0.9104148127324084,24.697882795173633,0.2987999386947536,794.3994347229915,0.08579830686080228,0.1418887943106845,0.3038084819883503,818.9380600004293,0.10397664970021268,0.12222830903804378,0.3001668314005988,837.4956736240952,0.09219304337344002,0.15288116686366418
0.30733739317259773,1619.7890713709337,0.3039596385036767,7.775195432500706,0.3085992699927222,1823.1182645926017,0.45253353614439523,13.286700765539248,0.308615960510029,1751.1747167527997,0.423622465068032,12.858314777259833,0.3151954132596772,2175.373261000064,0.09198366194991113,0.3105382941619968,0.3174716164785577,2150.4018658996197,0.09236394488554651,0.2587121337769721,0.31860522973188204,2199.3370452917825,0.09429772033016114,0.24231709928942505
0.4395597149386804,2701.1055506340344,0.6226703316457693,18.688809389676873,0.4395621733725247,2711.872503289696,0.6041797509281054,17.347166054166774,0.43979236834188096,2752.0493002394974,0.5997411424285732,17.608630727723916,0.4556089521515342,3176.9965121292507,0.10232111484293645,0.21709463236255813,0.4542385958681638,3011.4742190066545,0.0954544631981589,0.21866880053008117,0.45789812803762403,3226.4294858442267,0.1038397052096066,0.19658588626041534
0.49471899942821346,2857.688305040207,0.6942196628470195,16.292067935693797,0.49450004011103893,2797.975813654861,0.6461764228787465,15.763853519021417,0.4950113925830881,2847.6294665075015,0.6938214987481403,16.09410060902107,0.5101939472156052,3555.29556266701,0.11587495839933538,0.2719940345366686,0.5134062653300077,3704.077385169536,0.11689527460834603,0.23995520288300742,0.5094731627530465,3294.440356068611,0.111690334246836,0.2755589157249112
0.5619803341024425,3795.630002945244,1.101791806199007,19.64335253058825,0.5622447181692115,3928.4760533101444,1.1115163628686444,19.977131180997223,0.5620825823339235,3837.9409266192984,1.080297957145867,19.654305217809732,0.5884321450488059,4811.724843905453,0.15625742307094118,0.23941218390628133,0.6139984883296784,6995.389151710227,0.20015563869046138,0.16582374151366475,0.5974166837730497,4785.552725720686,0.16699981096847616,0.2015402179585385
3.2081831161738714,2083.3300119920355,0.8735328170318218,12.962321860354868,3.204972083432567,1941.1386229182754,0.8213558680208592,12.31727925963232,3.209542882177312,1935.8480533489958,0.8496398849838407,12.993453449951955,3.4755510535814547,3607.8252111669017,0.20442072640123393,0.2085614142424113,3.4029017956196186,3213.5454813840074,0.18912482064799468,0.2574501101250374,3.3534023746162607,2647.4674457640135,0.1751047232980664,0.2994940696315693
2.799265219514443,1275.0160674240497,1.294783682203823,14.237499419927063,2.8357299967210277,1776.227801953119,1.7361319258937091,17.03275450472407,2.8323216645337874,1650.8377866778765,1.6655366006321426,16.793785750733147,3.3104954427096773,1306.2309799678812,0.3349890148843649,0.13882173907398795,3.3242319383225802,1468.3297595047727,0.3432949135923938,0.14167654825842188,3.1868669821935485,2109.7077357746603,0.3081936426228051,0.18834956172877287
2.7269370892957507,2304.145870193879,1.5522087533723061,14.7398956740799,2.721958434497464,2002.5702488360205,1.4543092025184807,13.582491761270626,2.7257110850174695,2028.8336252743438,1.4913899736431582,14.097747875224206,3.1737842420200013,3864.868114727921,0.3526764868148941,0.17382804673949964,3.1737842420200013,3746.1268274809636,0.35174654299750685,0.1734419179564716,3.2659688465600016,3199.8560284847713,0.38077008423532116,0.15102693812354975
2.6785545481880098,3496.6566362750073,1.8979697885484463,23.075652702789455,2.691036572616434,3998.250809555398,2.1371493635174392,25.08190119371384,2.6818910163933634,3427.572264520042,1.9207547358124164,23.649572360971522,3.1010774795000002,4402.645853722133,0.31552139718776406,0.13970028125184808,3.1267062190000003,3424.5377278851383,0.318996660523187,0.12861119356252965,3.011473660247274,2586.3970804666005,0.2685190785463115,0.14551091596425464
2.614086713981958,3273.9657233220073,2.4479722245385913,25.605554735408106,2.6116426272101565,3138.7898097105613,2.386740322441437,25.346008516297296,2.6069830248918953,2726.8799306193746,2.280819565199901,24.895635415849906,2.6265003603050956,872.685723619873,0.13868963644735896,0.2247271476040827,2.7797704273365382,1179.9727086962707,0.20834055897469975,0.16203133625402813,2.7062963191249993,1062.4005828624329,0.17524611203447987,0.1909448781594179
2.340050233979745,1620.8927735430425,1.4962102541139028,19.053891710002176,2.308351031229819,1220.8856229636444,0.9432760651650595,13.723465862444305,2.321005255650563,1298.4271062668145,1.1482083908104692,16.61679864486272,2.376796992166214,1273.8580125738747,0.19060284674042144,0.36843166702264374,2.3760111018294596,1093.3290746505634,0.18500975986726667,0.3528214746909963,2.4034951855612716,1345.3372168451122,0.18983229429343915,0.3245178424744914
2.0022655524193547,1150.22373941864,24.630887587927656,67.72986911903983,1.870980606579338,1117.0505091404252,16.006357857228025,57.97299553332611,2.082356174516129,6491.979924085335,24.052009791288466,57.20431512069258,1.5789298678200714,345.6726014984785,0.10077510638443779,0.12273375771856423,1.480171310679584,292.01930820887793,0.04572931573792764,0.7531905016173545,1.5471068540163369,345.21609060228445,0.07721681872054892,0.19620151726718485
1.427770716709792,5171.682634360035,2.93215937827356,25.115395683617024,1.4087253766400922,2911.884084128888,2.2032666670079712,20.682608229095045,1.4168593738621726,3185.1171216328194,2.504033323108435,23.00338289755222,1.4452458414545457,870.3900066766907,0.17761533893120607,0.2167339095133811,1.4387938510909093,925.8281521806207,0.18129320035446858,0.24329938096294487,1.4323418607272729,881.9462528646054,0.17358709432306485,0.25105632296101177
1.3162275735975657,3776.698543704384,1.6331134073424847,18.7650780344392,1.3185773438162391,4052.8779890031724,1.7246704794155487,19.649038957491317,1.3188646993091064,4361.499305060563,1.7190643873613674,19.372796835804735,1.4213884194987028,4946.784623049903,0.24895982241244916,0.2278782596523038,1.4284882898791884,5755.526866613158,0.2570433521630508,0.22470306350241537,1.4783105349901964,4949.080489915684,0.2841713361558263,0.17567262737609032
1.3061366648456347,6702.309863888524,1.7551997419625849,20.10763098069858,1.3066359386490651,6715.2905637295635,1.764670138017801,20.341719604596225,1.3067914695858318,7009.116544583139,1.7626517323818884,20.188802943776672,1.5185612925275618,5529.653447642286,0.31571090624696385,0.13538871735394065,1.518502815375,6082.371573206978,0.3134710544087817,0.1369382700232911,1.3604152798884779,3876.154277143379,0.20438274718212418,0.28305873762678785
1.2343400753563125,2638.7896096542454,1.7187270842489266,20.43937446255243,1.2360126253812531,2666.424649147217,1.7751917908587829,21.248629534868098,1.2356550560190114,2797.8964653635303,1.7306230977020671,20.44259897206068,1.448589052890995,2833.577966234626,0.32739973844272346,0.13112516418533118,1.4548269292674783,3019.5905106175137,0.3321944464153255,0.1288860531291932,1.3929174151045525,2860.781440992525,0.28281239275163594,0.15945088504728036
1.0214094383114547,1119.0097894625515,1.2737703130305968,17.44256848835301,1.018015766124268,991.5913212384394,1.1161896523934374,16.311214306225875,1.017922139665377,1018.5225510062843,1.0673926777944414,15.352120030156572,1.0362220751419506,699.3930488712668,0.12398738378545573,0.26717989824071525,1.0558877359319527,824.1679106459227,0.14936109171744805,0.23986374115336878,1.050976630183432,747.9382252339186,0.1373639237437945,0.2406516317055723
0.863520598088106,1824.0944745425768,2.559923605013244,11.604674279578715,0.8636886915643838,2020.8935636309047,2.544481641323239,11.533029984157945,0.8660444521443024,2338.891083543521,2.6250916961542963,11.8204306277489,0.8321764512095592,170.46047632057846,0.19206488510683817,0.23033789148468556,0.8331188630035112,168.5832792185705,0.18637957558626933,0.23675060503321094,0.8425395068008608,192.55544734719976,0.20636044744149892,0.2611806070075881
0.657785988356752,544.1248906052112,1.6027025401600241,11.772381652370342,0.6550718306586598,488.96863729950354,1.4555855348075801,11.239542768999513,0.6614231592177873,565.9642828037393,1.6436031781890448,11.870933494618232,0.7013693054117649,309.80803794864454,0.24628923353277862,0.20175695760028337,0.7013693054117649,349.9611920637076,0.2539996578279326,0.2246630647246232,0.6794515146176471,278.7319738693479,0.1968789019564688,0.23795164974598662
0.5972238485073313,335.3038517562507,1.953074309140176,9.916543296397336,0.6132418922288099,476.649839894622,2.4080591985686794,10.680828545435649,0.6067751211025297,388.749742783957,2.152418780466308,10.266821893272837,0.5529852750225934,111.5915852486704,0.1241230386032274,0.3290697446120805,0.5602232591572579,108.05532380673355,0.11931537515314719,0.28442785380203106,0.5655334322298387,114.72689175125629,0.1315206295771467,0.3245102776819481
0.5616655918656427,1175.487337180738,2.3895127733687156,17.584530033434692,0.5531114330086064,793.0504563235937,1.849155831169976,15.69427650303572,0.5565517198106844,887.9620530453485,2.024539166286022,16.56604688779463,0.560569193413793,313.58191275800743,0.1507695936130634,0.18174843351731113,0.5450695843793102,320.3869146036008,0.12481461851653251,0.26717004420941864,0.5608102436319072,353.16845097738207,0.15506314201868496,0.22790388321255953
0.5479763738384432,157.2281914675792,1.4197300823934318,6.809713730637059,0.6263370548671287,1522.1824108562416,3.4112893622097644,9.233352891639791,0.6303967886057824,5272.396849052627,3.3972144181394723,8.961448123209037,0.5499114780000002,84.72803618886061,0.22879370838438545,0.2640260371896241,0.5448288969267115,81.63849982260459,0.2050489180219909,0.29697194427910434,0.552647356,74.578043631148,0.18436103341596852,0.2346439086740013
0.7183038002350051,10493.771367717281,7.269731446430539,22.809012082833668,0.7089504777533281,3117.602714779839,6.864250211713652,22.830559955365743,0.7091822056394719,5635.6876139724545,6.688521773355422,22.13913923671932,0.5647882716299536,148.7492385396361,0.04074871382696034,0.2834960765697091,0.5744313131856619,145.0716841649687,0.04524361650138124,0.16238172837578121,0.5757313340846625,147.40927661102867,0.0427242030450076,0.20399825109034406
0.5741879208176621,20420.853534519087,3.7385259535764663,21.102544130986946,0.5744910660116337,19959.14249368673,3.748979919068444,21.01008231943133,0.5729333980697247,9621.298247354824,3.5727630641672934,20.390771612297126,0.5267108692559656,276.9522201195485,0.09487208523123117,0.24567299752665334,0.5264115706473455,267.6520737830036,0.08779879450011023,0.24837396028556655,0.5219101744992432,269.0773811382975,0.08252256798504065,0.33858329705787726
0.673102673920875,243.02994276706386,0.6417749444448705,3.210747910866906,0.6789362799854908,280.8747770429571,0.7091055483921962,3.4406213968788393,0.6811280530958574,278.3103666647809,0.7012442889579144,3.409235765254424,0.6709020524251915,195.87432085604465,0.0832872855299105,0.4233095388340467,0.6748499066666667,183.86345449124946,0.12439427327655536,0.48223426501271277,0.6681014075999999,133.4315021066285,0.13479572035272724,0.6052595661767445
0.6680246673992479,198.10323111121298,1.1004630703180927,8.736771457745403,0.6938192795046989,264.9240664873788,1.7115116598189155,10.807796217866738,0.6974353429615385,270.6067713456311,1.7440866391880954,10.692068946045552,0.6704321155988155,135.51399541557024,0.1544202085287346,0.28622491568887115,0.6815121616153846,137.66920612987477,0.16421697565960192,0.2685112526626576,0.6769711397022187,137.19706561254827,0.151766046784273,0.3065418437018613
0.7993682244071271,1956.7975067858574,4.252894972335107,16.909671391047457,0.742700224445268,415.85419063571396,2.264331748167279,13.950457250578799,0.8149905412008714,8698.584821568438,4.751988739328949,17.19530476313128,0.7049470294216214,177.59695325362608,0.13956889776668696,0.2931925649702623,0.7119185998415458,173.93721144342044,0.13908202615317294,0.2681265684226068,0.7422956787324322,191.4972711218751,0.18289129677433058,0.21299242678518984
0.641130023511382,571.2824431697398,2.0360000564535783,13.787846325206171,0.6397912530688546,561.8570338319201,1.908736771991945,13.127842785438121,0.6440585494352568,630.8815330939215,2.038599803573498,13.43320758315931,0.672754411875,232.53082690165587,0.22553988351755666,0.15935505810964942,0.6757444314833334,237.78201540783877,0.22767434708357465,0.1636637092226322,0.6213083254060756,196.6692149186681,0.12111737148416445,0.27998325069085955
1.3831441681153847,18.124627822894798,2.433327696210499,5.427488574523581,1.3877700683431953,24.765296360334894,2.436842257237906,5.805052171676913,1.3091297644704143,51.99283643056323,2.1996195064088155,5.318945420278992,1.1289010634378698,47.663241884661396,0.5959770739936362,0.5404725023785165,0.9153126189263333,27.34581642234465,0.516941833104584,0.8603954642231171,0.8372879412337279,131.9325521223628,1.0007501534327652,0.8680484686419471
0.880646439660243,886.5151015605722,3.7253056517964365,8.624505439948596,0.7905007269040002,200.4921931703817,2.096591485838911,7.13002763962887,0.7497541722739385,118.33427281298941,1.3017774700415492,5.968101600763752,0.78009940155,84.32596229691275,0.3210874409965177,0.2700694022861868,0.7835665100013335,82.3459544485272,0.3100480155781107,0.2753647458214346,0.7558296423906667,78.11126756841242,0.2562688996823083,0.34100380569563776
0.6295176140329048,8220.123948061384,48.78154602991182,143.79693717003514,0.5967094190597647,8604.903345407141,32.04587529049484,118.75236555743311,0.6557246363294118,6385.096146369438,38.537087497439956,98.68878477699133,0.5355084530023531,1185.4872360204142,0.18286420093398675,0.09631512343038051,0.5355084530023531,1193.5061321303988,0.18386006148799894,0.10099696411279364,0.6404243948150589,6983.246937012158,0.48867458830779664,0.11478976867029515
0.8870386552047087,179.18658057722675,3.5882614022354313,11.124186534855658,0.78518375154595,196.7569305600115,1.1949495751363566,6.398149318068007,0.8591289945260911,704.8854767693151,2.612070708501758,8.820574141821691,0.8421253055740906,121.31892564585624,0.3200892357976518,0.24781683186168438,0.8421253055740906,94.75336793565683,0.2912571629267621,0.2187874096671858,0.8383825264382058,129.93175228300882,0.30289246286776894,0.28112795981427724
3.933703991501099,1261.2429430249201,1.0646847849934984,21.438566299097364,3.9249802882010183,1151.163653366448,0.9272870282482838,20.01898749254465,3.9600373622128138,1378.2801432249994,1.3168055614595158,24.165142598062104,4.1174963899999995,951.1943310650104,0.12229101678645021,0.15846523525001915,4.063365000138011,1001.3584572426014,0.11247793773763753,0.20167378658922633,4.070591599984372,1017.7479038332676,0.11411066293780958,0.2020544392888356
4.166407735542572,2495.1907558302614,1.7440698094584877,22.199665472746727,4.168741344861179,2388.381459226678,1.7473517399440912,22.081220785854725,4.167605392296993,2266.4175091500883,1.6929864353895199,21.918643794260966,4.841030243368421,3496.651078720291,0.3158912866086066,0.13819397105849068,4.860952178526316,3330.843297121333,0.31906897658879885,0.13450939599979433,4.7015766972631585,1833.787343111899,0.26224590151919214,0.1358035197803019
3.7431089919212237,870.7379413535114,2.7747396629012133,21.95873322130778,3.705180318949403,774.3530148762927,2.302463133437158,19.93244086540305,3.7316149335634328,814.8758222982353,2.573056744186717,21.49372725554761,3.6258045879999994,314.40664418223275,0.11213739531508708,0.20419062586089787,3.6429884959999996,317.1066822838268,0.11497982018196398,0.20480159031106793,3.6601724039999994,335.328372031579,0.12114939247326557,0.21584560832436875
3.90561753300209,2683.475375247956,0.8009982880119478,19.401454322624833,3.9046833941009833,2602.432717774682,0.7596422278007151,19.10732473409238,3.9083700348099404,2727.6859296986754,0.7925973132284271,19.913554604345933,4.019710660831683,2842.794548939817,0.10856070258252928,0.25521269959484366,4.019710660831683,2914.856441622933,0.11051676299739188,0.26114337011032007,4.002419076405165,2815.849494156366,0.10605073387223543,0.2812070337683452
5.363243669169052,2893.123614662177,0.7017683538076908,9.800303628838906,5.365030724342349,2974.5008589813674,0.7083281460468475,9.776238858387105,5.367424200435298,3020.571278525879,0.7197222709919463,9.880560121281992,5.686360404220207,8139.966055325483,0.18580204577934814,0.26356765132121523,5.69009241014634,7243.620603048626,0.18295829031960262,0.2583483115992247,5.703593207929641,7171.460859213442,0.17806766679441724,0.2434131608919534
5.436086851581008,3612.3998280078695,0.94984160501713,9.563278238147047,5.439109079318282,3596.8695896557256,0.9764107342714914,9.722550212623862,5.4378120975032145,3426.661943636637,0.9451674051405378,9.486677136452771,5.686310424497952,10016.417703717812,0.22821921753916444,0.353382881730579,5.649374096380874,8302.922257800148,0.22818475297964835,0.37992023509035844,5.785975209992454,13049.946012740422,0.22720311431181378,0.28740752432048583
5.168738871445491,963.0476033828546,1.3794164061268164,12.96020107105134,5.173632956727282,1012.674811703065,1.3663931893737833,12.541207147490914,5.177110187249023,969.875468386725,1.3580369320935584,12.615812623073007,6.107011477913044,1157.8562156722169,0.3628773418890029,0.16080141772183426,6.107011477913044,1126.9177483881938,0.36081231862317664,0.16046284584027218,5.856724122260869,1096.2993889411784,0.3117035042386941,0.19307650175474356
5.513834095173767,2886.688341197724,1.6480904644681782,24.2029057194165,5.541322366009033,3858.9998879355317,1.9086216350900647,26.04848498122774,5.516980454093528,2944.639379205791,1.636466166324639,23.890149193527545,5.639376548129031,1659.4612647082022,0.14309737951260387,0.2608274137500341,5.958586541419355,2230.2020752947155,0.1972367695811118,0.1600260120907578,6.225211946281044,2660.7767165055493,0.25518062076071785,0.13088716362822422
2.9817292279113006,1096.968889572563,0.8769222942300829,11.313919493530033,2.984999951028566,1081.051565680747,0.8914116601472536,11.736356460646425,2.987873974702681,1108.867939823809,0.8956712855546508,11.32628632623684,3.5886007723713664,1390.488361664698,0.3281981515439272,0.11898996193633044,3.585394941333333,1568.189802424119,0.3294969443334776,0.12601898175747014,3.1342107015702556,1198.0221308940081,0.18436950730983562,0.2861669622705598
3.0066438560236737,1433.8844173351413,2.051162000176894,14.31631968516744,2.995630647579654,1235.1962618658831,1.8998174024694365,13.814321254281339,3.0064398210908903,1240.4800991160057,1.9988008468527676,14.326852050922524,3.1516778113333332,364.8611635426854,0.22421062299108085,0.18493143123124167,3.195049524333333,505.64122186154503,0.25897743636492854,0.21427332992212703,3.137220573666666,521.9264545719526,0.2419305754900152,0.2480754230312599
2.6974534575212847,1437.0147642698957,2.02624712605545,16.466310273103865,2.6926027075242467,1322.7981171665676,1.9276917282642076,15.969998397617916,2.7080259667990436,1666.9191587649714,2.1251733197313762,16.85658257544968,2.672982608592593,368.6068342781753,0.13616509864189869,0.2403213826123361,2.737236998222222,439.61907237201194,0.16968662609788077,0.2283969481207862,2.689162468867865,383.1772179440581,0.13994398699611532,0.24812314688660503
2.5380435693432895,1749.329943095975,1.9174012820894366,28.029449857911406,2.5289985245829327,1693.4258780005268,1.685794599926673,26.34375913779927,2.5332962703665514,1724.2028320635118,1.7204730273780593,25.69995329947828,2.6124623558282205,932.2977390832518,0.12774176759962919,0.16682936133228998,2.530796076093616,837.5094212306133,0.09295097443402463,0.2474388292064855,2.564083423312883,901.1293865634024,0.10601456369591894,0.21282431869664079
2.606387004359764,5448.993394307307,5.705229319519836,42.872006161734085,2.603831597808444,4300.256960854364,5.682481242082628,43.34130940470635,2.610121298445149,7760.339066757312,5.650007303661205,41.712750427177326,2.3820523399191127,536.2371273966293,0.047572581250767264,0.25128908276990525,2.3916346304787717,560.4808409686268,0.053450142684630095,0.2600435329005139,2.3896683499645492,544.860548469657,0.048787814699231394,0.26657720258120393
2.7918250701131475,7236.466338129528,21.36490840267049,101.76004742026286,2.7110697994900397,6414.491515781568,15.83258222344197,89.99306050962353,2.741359589365522,17336.367515906488,17.049854356155006,90.00103500186592,2.372332844466071,861.8536535600474,0.047981168800635826,0.225869334864581,2.379496645472871,884.6361112898957,0.05190282463759574,0.22624707615360237,2.3736068217588264,902.0173362094617,0.05134036547783352,0.26862131753516355
2.285839506272404,1857.7367015561035,1.1674468117958396,25.286850973409276,2.288001238669613,1970.0021185156797,1.1937102242727415,25.62316940205611,2.2880230397864967,1939.8165113043433,1.1746704975790812,26.106189311123572,2.3016347432485325,1371.9200940733856,0.08815501758799298,0.2937823741652355,2.2975715795279688,1222.4429667564334,0.08014685994003476,0.28782311941640365,2.3211524120330576,1423.8823671390846,0.10091422678483676,0.27451213518358336
0.870236269058609,3852.486991536734,2.9214914603179998,21.266693524785662,0.8687108265785689,3334.435870621809,2.8059523025619586,20.695738690907607,0.880226048059743,10761.962240722203,3.2079895287434312,21.190631357127117,0.8574536279809111,474.6971838810324,0.1550391920241016,0.22474658484156232,0.8652469349778005,519.8058216594164,0.16868072697723882,0.2271122262302951,0.8560749052235034,453.9587514242115,0.1459823643535274,0.2295976404095533
0.8378581724459762,1678.0350657225747,2.64043421770074,21.501197651915106,0.8391387745965079,1683.0990581284345,2.670380509794468,21.886734448449083,0.8236808682692198,1055.6906820169493,1.8761277340328055,18.283561693734406,0.8364397710260869,525.8044490785521,0.16104761207791496,0.22809040535937616,0.8325311739652173,524.1840567006637,0.15510241150584272,0.24365805500065765,0.8286225769043477,498.7157947897949,0.14558016270091642,0.25291549363044674
0.8421757197971623,982.3505279371707,2.734492483073347,25.65487439894844,0.8383712132014769,845.0269096687184,2.5404653578200826,25.615659833920738,0.8360867801729182,841.9183324629682,2.3224929591293257,24.163202625454485,0.8163290269448041,390.43378896584943,0.09194089129458273,0.2062050477131783,0.8264050833705882,398.0937624981347,0.10251690163955841,0.18372162802513878,0.8189843746410729,383.8363895898367,0.08884088673707084,0.2073681020689308
0.7839005475609304,496.1413164253009,0.41748063582020145,9.093092313788178,0.7952882072369879,578.328628858151,0.7861149466396272,14.92425953804153,0.8009875378406358,655.4395399646639,0.9659705943668001,16.241935832465934,0.820746940840909,512.9030374952074,0.11382794908919205,0.21259718935126565,0.8087989633109126,480.48046301344726,0.0951758799655765,0.2582253665294625,0.8174125715101409,520.5766844664972,0.10882721743122376,0.2442406369326771
0.9700798384450411,5503.83863461584,3.7917975065142917,15.800972895706474,0.8819613359624093,462.18475747638377,1.3353060930450327,9.032318221367092,0.8786095081609563,419.9836821465648,1.2047579061905638,8.450076303541461,0.9248689223666667,323.90880824339933,0.2571054404264637,0.2836524227580331,0.906518368806161,306.5829850822876,0.2354672315947308,0.32846639864262994,0.9248689223666667,307.35423984793096,0.24691078367687216,0.28961678606307284
0.6863065121407469,2319.0800007918615,2.8237086127995523,19.952890958266906,0.6823441472860741,1828.4506302619923,2.56743416698275,18.943086638881386,0.6747746495465168,1291.84141333637,2.1330012538927083,17.484422144156312,0.681314201056493,483.9951488264449,0.17786606285918027,0.23998465991900597,0.6840501240561612,497.89394192635433,0.18132380011312874,0.23816487775703366,0.6840222197586205,485.56759689797013,0.1778361591512804,0.240919531614447
0.6977094245476645,579.5824569217036,1.184382541570873,16.36225623606305,0.7009374459815573,605.9765128275097,1.2775064055827294,16.933403144221753,0.6958187354574502,522.9625109164391,0.9808035091031335,14.965428357972915,0.7102003077351602,415.62892209312366,0.11403525663760948,0.22209891011008878,0.7101997793902438,389.97350386451694,0.10997668052308605,0.2145101652065522,0.7068251578867842,403.77021185214335,0.10797139142774173,0.2532676677864348
0.7132348624120478,847.1987817769412,1.3203123301140656,15.476570976259781,0.7142702446244653,884.213096058192,1.3206257828461685,15.250709396879618,0.7215733373295957,1098.7732002329192,1.654402456542506,17.389107895919896,0.755554954875,601.4291756492954,0.18454411518079272,0.19112062146384468,0.745204887,614.2887599421405,0.1719947163636975,0.22338848333372985,0.80730529425,765.7391000493539,0.2659125861909365,0.14654160114231726
1.4776025178656447,1077.8365754535143,1.90306219436074,15.021347029240737,1.4857188973919453,1152.7633661905265,2.0578718099465494,15.580393074594221,1.4916539005064584,1314.4677472707126,2.164313066322556,15.96086075472381,1.4909586909532122,422.56283078149227,0.18069491782819194,0.26249577321414824,1.4935265552207186,424.2905092759294,0.18057419910978093,0.2651956781131539,1.5491149208888892,548.6682610302556,0.23141602653395021,0.23414744713177743
1.4569587580702834,2113.8396066626865,3.0438944928472536,23.654642754117603,1.486810062402713,10900.261009350977,3.9893188183072645,26.366293075168613,1.4839471448825954,10650.300667378438,3.840784541202742,25.596523311163036,1.3886272334859462,425.5638034669952,0.10575239167111465,0.27789615560177444,1.4343976419705888,486.0350262249847,0.1417078385646529,0.21280584308563913,1.387429768423818,406.0664461813766,0.09679836096332833,0.2890719576201623
1.520751298236146,4133.665604896004,6.106219674113046,39.43080046021245,1.4444242484901697,1164.7688550125965,3.073734905253953,31.81665867993479,1.4780983942519759,2136.653343975574,4.261953566118435,34.81517909767055,1.3798119946535925,457.43613134003147,0.06509495471343503,0.23231672154322675,1.387259778018819,471.8065698169538,0.07036686951706582,0.2281405806648022,1.4019687928045823,479.7457507956126,0.07981192185471775,0.199169630801171
1.370250804579026,886.7511533665482,1.376831400750552,22.814148190997766,1.3717412418668966,911.6651590362593,1.3219120040215624,22.310935540478898,1.362986559686686,766.862556377557,1.0456336846626877,20.33505454757654,1.3997234650000006,623.2087172523198,0.10571158307661821,0.18464146196524886,1.4062338066976752,640.7420215809565,0.11058777103991257,0.18340448609098223,1.363982201541548,597.3911294868499,0.08108039409382646,0.3076227266962915
1.6534043125089959,980.1017481541865,5.249601917835628,19.95508020282784,1.68798200844,3053.576509761833,5.761117721398342,19.784184842501052,1.62823043291981,3511.7788324407265,4.354866528874338,17.305043983535363,1.4856226459982091,146.19009681074962,0.14460224003690916,0.11428312349141517,1.4782656943599999,141.71737780774768,0.12660997661191645,0.10865185657688857,1.4766572390077177,140.94927818279146,0.1169093593908583,0.11395534277895232
1.3227675433754753,7764.3769286236875,5.191935045865217,33.57320685124664,1.3191984622930646,6322.109422650777,4.927290943481356,33.05204671940395,1.317405786755207,4730.35690955785,4.885429168187373,32.96301899908152,1.2432443649156624,422.84755189770124,0.09596332838861363,0.1419125008845275,1.233965218234649,431.50086819674624,0.08813952144319155,0.17339924151107367,1.2365070191461087,450.9780286947336,0.09198518705441928,0.19037975030884366
1.3187820432534043,1414.2660717823917,2.4935548637126237,22.98226384254945,1.31548022589258,1258.2499066329276,2.3725988713343638,22.76632700042673,1.307990034569715,1051.404332469231,2.106536725984214,21.85908309666803,1.2962956449847733,454.7380675317693,0.11437491498129575,0.21718994006810904,1.3170125329772726,478.84137510637873,0.13092132938677553,0.19439852272402364,1.3056573488756797,479.0098565207645,0.12140131454928811,0.22258246524487135
1.2481022900573826,1242.4307161727581,1.405845541711263,22.048030207117552,1.2532415539926156,1392.2692379827954,1.5432671179044282,22.751844487422517,1.259151250659583,1536.9170647971248,1.7390770953894754,24.17536834139808,1.2766338266181818,839.8441876786263,0.12229710373874195,0.22038561720903974,1.276741499907856,801.327796127932,0.11759981455001979,0.21340570137151957,1.324808688,968.1390467139877,0.16261843366868703,0.1657836349299933
0.4508106874989797,506.56553722346075,1.7746428052475838,8.843431808816193,0.45081068747647063,515.0258354728076,1.737606913880114,8.673054077494221,0.42486933968720925,195.5031686305749,0.6357523544917602,4.378382874840761,0.5370902448882354,1283.0437777642217,0.5480264542356335,0.2576982891897261,0.5219913223411764,868.5872750672954,0.5001107922170134,0.26988591095399683,0.5521891674352941,614.4750578458425,0.54487135437755,0.21540294338666421
0.3385120398119565,1970.1450743325022,4.061499098875654,17.915778156868612,0.2959305996390004,236.04213829827034,0.5923669793196258,6.882095971627654,0.2966266146138051,231.74488864562548,0.5561418614491769,6.5741743736438245,0.298591160034375,212.71503303905195,0.1350320879685862,0.3894727526030164,0.3003533281303531,208.86627493138525,0.1338899624138902,0.38406197339724946,0.301592076215625,207.12664441451767,0.1298414155263995,0.3760225242104131
0.3314644388432531,278.0726221193258,0.8635571823156541,8.976284521763327,0.3310597330870097,261.5874388632093,0.7658613164350732,8.385242375158127,0.3342897777844289,283.11914922189146,0.884700812577896,9.06201225545935,0.3658628644186047,261.8927621619322,0.23758018145233514,0.18429855894019073,0.351420909244186,241.39459394803907,0.18530420223598162,0.23302056971804797,0.348211585872093,226.01951852462133,0.1659525571360034,0.24566176382532917
0.35044759766683886,572.021019276574,1.3907753136489975,8.744943858640589,0.3491707464610783,497.5853167551878,1.2693297968668926,8.31062812316046,0.35071347978062634,531.1589746098091,1.321955894733216,8.48913346880338,0.42320277533333334,689.4429879319134,0.4527906953893331,0.19535898511292007,0.42487551357575754,490.498165399546,0.43779027477769794,0.17611357197846403,0.3646569368484849,359.9131420345651,0.25727878766023665,0.33170128419218076
